number,case,mchara
1,ジェットコースター殺人事件,工藤新一
2,ジェットコースター殺人事件,毛利蘭
3,ジェットコースター殺人事件,目暮十三
4,ジェットコースター殺人事件,ジン
5,ジェットコースター殺人事件,ウォッカ
6,社長令嬢誘拐事件,江戸川コナン
7,社長令嬢誘拐事件,毛利蘭
8,社長令嬢誘拐事件,毛利小五郎
9,社長令嬢誘拐事件,阿笠博士
10,アイドル密室殺人事件,江戸川コナン
11,アイドル密室殺人事件,毛利蘭
12,アイドル密室殺人事件,毛利小五郎
13,アイドル密室殺人事件,目暮十三
14,アイドル密室殺人事件,沖野ヨーコ
15,赤鬼村火祭殺人事件,江戸川コナン
16,赤鬼村火祭殺人事件,毛利蘭
17,赤鬼村火祭殺人事件,毛利小五郎
18,赤鬼村火祭殺人事件,阿笠博士
19,赤鬼村火祭殺人事件,目暮十三
20,奇妙な人捜し殺人事件,江戸川コナン
21,奇妙な人捜し殺人事件,毛利蘭
22,奇妙な人捜し殺人事件,毛利小五郎
23,奇妙な人捜し殺人事件,阿笠博士
24,奇妙な人捜し殺人事件,目暮十三
25,奇妙な人捜し殺人事件,ジン
26,奇妙な人捜し殺人事件,ウォッカ
27,幽霊屋敷殺人事件,江戸川コナン
28,幽霊屋敷殺人事件,小嶋元太
29,幽霊屋敷殺人事件,吉田歩美
30,幽霊屋敷殺人事件,円谷光彦
31,豪華客船連続殺人事件,江戸川コナン
32,豪華客船連続殺人事件,毛利蘭
33,豪華客船連続殺人事件,毛利小五郎
34,月いちプレゼント脅迫事件,江戸川コナン
35,月いちプレゼント脅迫事件,毛利蘭
36,月いちプレゼント脅迫事件,毛利小五郎
37,月いちプレゼント脅迫事件,阿笠博士
38,美術館オーナー殺人事件,江戸川コナン
39,美術館オーナー殺人事件,毛利蘭
40,美術館オーナー殺人事件,毛利小五郎
41,美術館オーナー殺人事件,目暮十三
42,新幹線大爆破事件,江戸川コナン
43,新幹線大爆破事件,毛利蘭
44,新幹線大爆破事件,毛利小五郎
45,新幹線大爆破事件,ジン
46,新幹線大爆破事件,ウォッカ
47,大都会暗号マップ事件,江戸川コナン
48,大都会暗号マップ事件,毛利蘭
49,大都会暗号マップ事件,毛利小五郎
50,大都会暗号マップ事件,小嶋元太
51,大都会暗号マップ事件,吉田歩美
52,大都会暗号マップ事件,円谷光彦
53,大都会暗号マップ事件,目暮十三
54,山荘包帯男殺人事件,江戸川コナン
55,山荘包帯男殺人事件,毛利蘭
56,山荘包帯男殺人事件,鈴木園子
57,カラオケボックス殺人事件,江戸川コナン
58,カラオケボックス殺人事件,毛利蘭
59,カラオケボックス殺人事件,目暮十三
60,カラオケボックス殺人事件,鈴木園子
61,江戸川コナン誘拐事件,江戸川コナン
62,江戸川コナン誘拐事件,毛利蘭
63,江戸川コナン誘拐事件,毛利小五郎
64,江戸川コナン誘拐事件,阿笠博士
65,江戸川コナン誘拐事件,工藤優作
66,江戸川コナン誘拐事件,工藤有希子
67,骨董品コレクター殺人事件,江戸川コナン
68,骨董品コレクター殺人事件,毛利蘭
69,骨董品コレクター殺人事件,毛利小五郎
70,骨董品コレクター殺人事件,目暮十三
71,消えた死体殺人事件,江戸川コナン
72,消えた死体殺人事件,小嶋元太
73,消えた死体殺人事件,吉田歩美
74,消えた死体殺人事件,円谷光彦
75,消えた死体殺人事件,目暮十三
76,天下一夜祭殺人事件,江戸川コナン
77,天下一夜祭殺人事件,毛利蘭
78,天下一夜祭殺人事件,毛利小五郎
79,天下一夜祭殺人事件,横溝参悟
80,ピアノソナタ「月光」殺人事件,江戸川コナン
81,ピアノソナタ「月光」殺人事件,毛利蘭
82,ピアノソナタ「月光」殺人事件,毛利小五郎
83,ピアノソナタ「月光」殺人事件,目暮十三
84,プロサッカー選手脅迫事件,江戸川コナン
85,プロサッカー選手脅迫事件,毛利蘭
86,プロサッカー選手脅迫事件,毛利小五郎
87,プロサッカー選手脅迫事件,阿笠博士
88,闇の男爵[ナイトバロン]殺人事件,江戸川コナン
89,闇の男爵[ナイトバロン]殺人事件,毛利蘭
90,闇の男爵[ナイトバロン]殺人事件,毛利小五郎
91,闇の男爵[ナイトバロン]殺人事件,目暮十三
92,闇の男爵[ナイトバロン]殺人事件,横溝参悟
93,6月の花嫁殺人事件,江戸川コナン
94,6月の花嫁殺人事件,毛利蘭
95,6月の花嫁殺人事件,目暮十三
96,6月の花嫁殺人事件,鈴木園子
97,歩美ちゃん誘拐事件,江戸川コナン
98,歩美ちゃん誘拐事件,小嶋元太
99,歩美ちゃん誘拐事件,吉田歩美
100,歩美ちゃん誘拐事件,円谷光彦
101,小五郎の同窓会殺人事件,江戸川コナン
102,小五郎の同窓会殺人事件,毛利蘭
103,小五郎の同窓会殺人事件,毛利小五郎
104,資産家令嬢殺人事件,江戸川コナン
105,資産家令嬢殺人事件,毛利蘭
106,資産家令嬢殺人事件,毛利小五郎
107,資産家令嬢殺人事件,鈴木園子
108,外交官殺人事件,江戸川コナン
109,外交官殺人事件,工藤新一
110,外交官殺人事件,毛利蘭
111,外交官殺人事件,毛利小五郎
112,外交官殺人事件,服部平次
113,外交官殺人事件,目暮十三
114,図書館殺人事件,江戸川コナン
115,図書館殺人事件,毛利蘭
116,図書館殺人事件,阿笠博士
117,図書館殺人事件,小嶋元太
118,図書館殺人事件,吉田歩美
119,図書館殺人事件,円谷光彦
120,図書館殺人事件,目暮十三
121,雪山山荘殺人事件,江戸川コナン
122,雪山山荘殺人事件,毛利蘭
123,雪山山荘殺人事件,毛利小五郎
124,テレビ局殺人事件,江戸川コナン
125,テレビ局殺人事件,毛利蘭
126,テレビ局殺人事件,毛利小五郎
127,テレビ局殺人事件,吉田歩美
128,テレビ局殺人事件,目暮十三
129,テレビ局殺人事件,鈴木園子
130,コーヒーショップ殺人事件,江戸川コナン
131,コーヒーショップ殺人事件,毛利蘭
132,コーヒーショップ殺人事件,毛利小五郎
133,コーヒーショップ殺人事件,目暮十三
134,コーヒーショップ殺人事件,鈴木園子
135,コーヒーショップ殺人事件,妃英理
136,霧天狗伝説殺人事件,江戸川コナン
137,霧天狗伝説殺人事件,毛利蘭
138,霧天狗伝説殺人事件,毛利小五郎
139,霧天狗伝説殺人事件,目暮十三
140,月と星と太陽の秘密,江戸川コナン
141,月と星と太陽の秘密,阿笠博士
142,月と星と太陽の秘密,小嶋元太
143,月と星と太陽の秘密,吉田歩美
144,月と星と太陽の秘密,円谷光彦
145,ゲーム会社殺人事件,江戸川コナン
146,ゲーム会社殺人事件,毛利蘭
147,ゲーム会社殺人事件,毛利小五郎
148,ゲーム会社殺人事件,目暮十三
149,ホームズ・フリーク殺人事件,江戸川コナン
150,ホームズ・フリーク殺人事件,毛利蘭
151,ホームズ・フリーク殺人事件,毛利小五郎
152,ホームズ・フリーク殺人事件,服部平次
153,三つ子別荘殺人事件,江戸川コナン
154,三つ子別荘殺人事件,毛利蘭
155,三つ子別荘殺人事件,鈴木園子
156,三つ子別荘殺人事件,横溝参悟
157,イラストレーター殺人事件,江戸川コナン
158,イラストレーター殺人事件,毛利蘭
159,イラストレーター殺人事件,毛利小五郎
160,イラストレーター殺人事件,目暮十三
161,大怪獣ゴメラ殺人事件,江戸川コナン
162,大怪獣ゴメラ殺人事件,阿笠博士
163,大怪獣ゴメラ殺人事件,小嶋元太
164,大怪獣ゴメラ殺人事件,吉田歩美
165,大怪獣ゴメラ殺人事件,円谷光彦
166,大怪獣ゴメラ殺人事件,目暮十三
167,追いつめられた名探偵！連続2大殺人事件[1],江戸川コナン
168,追いつめられた名探偵！連続2大殺人事件[1],毛利蘭
169,追いつめられた名探偵！連続2大殺人事件[1],毛利小五郎
170,追いつめられた名探偵！連続2大殺人事件[1],阿笠博士
171,追いつめられた名探偵！連続2大殺人事件[2],江戸川コナン
172,追いつめられた名探偵！連続2大殺人事件[2],毛利蘭
173,追いつめられた名探偵！連続2大殺人事件[2],工藤優作
174,追いつめられた名探偵！連続2大殺人事件[2],工藤有希子
175,追いつめられた名探偵！連続2大殺人事件[2],山村ミサオ
176,スキーロッジ殺人事件,江戸川コナン
177,スキーロッジ殺人事件,毛利蘭
178,スキーロッジ殺人事件,阿笠博士
179,スキーロッジ殺人事件,鈴木園子
180,人気アーティスト誘拐事件,江戸川コナン
181,人気アーティスト誘拐事件,毛利蘭
182,人気アーティスト誘拐事件,小嶋元太
183,人気アーティスト誘拐事件,吉田歩美
184,人気アーティスト誘拐事件,円谷光彦
185,人気アーティスト誘拐事件,目暮十三
186,人気アーティスト誘拐事件,鈴木園子
187,金融会社社長殺人事件,江戸川コナン
188,金融会社社長殺人事件,毛利蘭
189,金融会社社長殺人事件,毛利小五郎
190,金融会社社長殺人事件,目暮十三
191,名家連続変死事件,江戸川コナン
192,名家連続変死事件,毛利蘭
193,名家連続変死事件,毛利小五郎
194,名家連続変死事件,服部平次
195,名家連続変死事件,目暮十三
196,帝丹小７不思議事件,江戸川コナン
197,帝丹小７不思議事件,毛利小五郎
198,帝丹小７不思議事件,小嶋元太
199,帝丹小７不思議事件,吉田歩美
200,帝丹小７不思議事件,円谷光彦
201,帝丹小７不思議事件,小林澄子
202,コナンVS怪盗キッド,江戸川コナン
203,コナンVS怪盗キッド,毛利蘭
204,コナンVS怪盗キッド,毛利小五郎
205,コナンVS怪盗キッド,阿笠博士
206,コナンVS怪盗キッド,鈴木園子
207,コナンVS怪盗キッド,怪盗キッド
208,コナンVS怪盗キッド,中森銀三
209,名陶芸家殺人事件,江戸川コナン
210,名陶芸家殺人事件,毛利蘭
211,名陶芸家殺人事件,毛利小五郎
212,名陶芸家殺人事件,阿笠博士
213,名陶芸家殺人事件,目暮十三
214,スキューバダイビング殺人事件,江戸川コナン
215,スキューバダイビング殺人事件,毛利蘭
216,スキューバダイビング殺人事件,毛利小五郎
217,スキューバダイビング殺人事件,妃英理
218,強盗犯人入院事件,江戸川コナン
219,強盗犯人入院事件,毛利小五郎
220,強盗犯人入院事件,小嶋元太
221,強盗犯人入院事件,吉田歩美
222,強盗犯人入院事件,円谷光彦
223,強盗犯人入院事件,目暮十三
224,盗賊団謎の洋館事件,江戸川コナン
225,盗賊団謎の洋館事件,毛利蘭
226,盗賊団謎の洋館事件,毛利小五郎
227,時代劇俳優殺人事件,江戸川コナン
228,時代劇俳優殺人事件,毛利蘭
229,時代劇俳優殺人事件,毛利小五郎
230,時代劇俳優殺人事件,目暮十三
231,時代劇俳優殺人事件,高木渉
232,初恋の人思い出事件,江戸川コナン
233,初恋の人思い出事件,毛利蘭
234,初恋の人思い出事件,毛利小五郎
235,初恋の人思い出事件,鈴木園子
236,黒の組織から来た女大学教授殺人事件[1],江戸川コナン
237,黒の組織から来た女大学教授殺人事件[1],灰原哀
238,黒の組織から来た女大学教授殺人事件[1],小嶋元太
239,黒の組織から来た女大学教授殺人事件[1],吉田歩美
240,黒の組織から来た女大学教授殺人事件[1],円谷光彦
241,黒の組織から来た女大学教授殺人事件[1],目暮十三
242,黒の組織から来た女大学教授殺人事件[1],ジン
243,黒の組織から来た女大学教授殺人事件[1],ウォッカ
244,黒の組織から来た女大学教授殺人事件[2],江戸川コナン
245,黒の組織から来た女大学教授殺人事件[2],阿笠博士
246,黒の組織から来た女大学教授殺人事件[2],灰原哀
247,黒の組織から来た女大学教授殺人事件[2],ジン
248,黒の組織から来た女大学教授殺人事件[2],ウォッカ
249,黒の組織から来た女大学教授殺人事件[2],横溝参悟
250,ミステリー作家失踪事件,江戸川コナン
251,ミステリー作家失踪事件,毛利蘭
252,ミステリー作家失踪事件,毛利小五郎
253,ミステリー作家失踪事件,服部平次
254,ミステリー作家失踪事件,目暮十三
255,ミステリー作家失踪事件,高木渉
256,浪花の連続殺人事件,江戸川コナン
257,浪花の連続殺人事件,毛利蘭
258,浪花の連続殺人事件,毛利小五郎
259,浪花の連続殺人事件,服部平次
260,浪花の連続殺人事件,遠山和葉
261,競技場無差別脅迫事件,江戸川コナン
262,競技場無差別脅迫事件,灰原哀
263,競技場無差別脅迫事件,小嶋元太
264,競技場無差別脅迫事件,吉田歩美
265,競技場無差別脅迫事件,円谷光彦
266,競技場無差別脅迫事件,目暮十三
267,競技場無差別脅迫事件,佐藤美和子
268,競技場無差別脅迫事件,高木渉
269,奇術愛好家殺人事件,江戸川コナン
270,奇術愛好家殺人事件,毛利蘭
271,奇術愛好家殺人事件,毛利小五郎
272,奇術愛好家殺人事件,目暮十三
273,奇術愛好家殺人事件,鈴木園子
274,奇術愛好家殺人事件,怪盗キッド
275,バスルーム密室事件,江戸川コナン
276,バスルーム密室事件,毛利蘭
277,バスルーム密室事件,毛利小五郎
278,バスルーム密室事件,目暮十三
279,バスルーム密室事件,高木渉
280,青の古城探索事件,江戸川コナン
281,青の古城探索事件,阿笠博士
282,青の古城探索事件,灰原哀
283,青の古城探索事件,小嶋元太
284,青の古城探索事件,吉田歩美
285,青の古城探索事件,円谷光彦
286,空飛ぶ密室工藤新一最初の事件,江戸川コナン
287,空飛ぶ密室工藤新一最初の事件,工藤新一
288,空飛ぶ密室工藤新一最初の事件,毛利蘭
289,空飛ぶ密室工藤新一最初の事件,毛利小五郎
290,空飛ぶ密室工藤新一最初の事件,小嶋元太
291,空飛ぶ密室工藤新一最初の事件,吉田歩美
292,空飛ぶ密室工藤新一最初の事件,円谷光彦
293,空飛ぶ密室工藤新一最初の事件,目暮十三
294,空飛ぶ密室工藤新一最初の事件,高木渉
295,本庁の刑事恋物語,江戸川コナン
296,本庁の刑事恋物語,阿笠博士
297,本庁の刑事恋物語,灰原哀
298,本庁の刑事恋物語,小嶋元太
299,本庁の刑事恋物語,吉田歩美
300,本庁の刑事恋物語,円谷光彦
301,本庁の刑事恋物語,目暮十三
302,本庁の刑事恋物語,佐藤美和子
303,本庁の刑事恋物語,高木渉
304,本庁の刑事恋物語,白鳥任三郎
305,結婚前夜の密室事件,江戸川コナン
306,結婚前夜の密室事件,毛利蘭
307,結婚前夜の密室事件,毛利小五郎
308,結婚前夜の密室事件,服部平次
309,結婚前夜の密室事件,遠山和葉
310,結婚前夜の密室事件,目暮十三
311,結婚前夜の密室事件,高木渉
312,上野発北斗星3号,江戸川コナン
313,上野発北斗星3号,毛利蘭
314,上野発北斗星3号,毛利小五郎
315,上野発北斗星3号,工藤優作
316,上野発北斗星3号,工藤有希子
317,園子のアブない夏物語,江戸川コナン
318,園子のアブない夏物語,毛利蘭
319,園子のアブない夏物語,鈴木園子
320,園子のアブない夏物語,横溝参悟
321,園子のアブない夏物語,京極真
322,最後の上映殺人事件,江戸川コナン
323,最後の上映殺人事件,阿笠博士
324,最後の上映殺人事件,灰原哀
325,最後の上映殺人事件,小嶋元太
326,最後の上映殺人事件,吉田歩美
327,最後の上映殺人事件,円谷光彦
328,最後の上映殺人事件,目暮十三
329,最後の上映殺人事件,高木渉
330,二十年目の殺意シンフォニー号連続殺人事件,江戸川コナン
331,二十年目の殺意シンフォニー号連続殺人事件,毛利蘭
332,二十年目の殺意シンフォニー号連続殺人事件,毛利小五郎
333,二十年目の殺意シンフォニー号連続殺人事件,服部平次
334,二十年目の殺意シンフォニー号連続殺人事件,阿笠博士
335,二十年目の殺意シンフォニー号連続殺人事件,灰原哀
336,本庁の刑事恋物語2,江戸川コナン
337,本庁の刑事恋物語2,阿笠博士
338,本庁の刑事恋物語2,灰原哀
339,本庁の刑事恋物語2,小嶋元太
340,本庁の刑事恋物語2,吉田歩美
341,本庁の刑事恋物語2,円谷光彦
342,本庁の刑事恋物語2,目暮十三
343,本庁の刑事恋物語2,佐藤美和子
344,本庁の刑事恋物語2,高木渉
345,本庁の刑事恋物語2,白鳥任三郎
346,暗闇の中の死角,江戸川コナン
347,暗闇の中の死角,毛利蘭
348,暗闇の中の死角,毛利小五郎
349,暗闇の中の死角,阿笠博士
350,暗闇の中の死角,灰原哀
351,暗闇の中の死角,目暮十三
352,暗闇の中の死角,高木渉
353,暗闇の中の死角,妃英理
354,暗闇の中の死角,新出智明
355,黒の組織との再会,江戸川コナン
356,黒の組織との再会,阿笠博士
357,黒の組織との再会,灰原哀
358,黒の組織との再会,小嶋元太
359,黒の組織との再会,吉田歩美
360,黒の組織との再会,円谷光彦
361,黒の組織との再会,目暮十三
362,黒の組織との再会,高木渉
363,黒の組織との再会,ジン
364,黒の組織との再会,ウォッカ
365,黒の組織との再会,ベルモット
366,よみがえる死の伝言[ダイイング・メッセージ],江戸川コナン
367,よみがえる死の伝言[ダイイング・メッセージ],毛利蘭
368,よみがえる死の伝言[ダイイング・メッセージ],毛利小五郎
369,よみがえる死の伝言[ダイイング・メッセージ],目暮十三
370,よみがえる死の伝言[ダイイング・メッセージ],高木渉
371,よみがえる死の伝言[ダイイング・メッセージ],鈴木園子
372,よみがえる死の伝言[ダイイング・メッセージ],京極真
373,鳥取クモ屋敷の怪,江戸川コナン
374,鳥取クモ屋敷の怪,毛利蘭
375,鳥取クモ屋敷の怪,毛利小五郎
376,鳥取クモ屋敷の怪,服部平次
377,鳥取クモ屋敷の怪,遠山和葉
378,命がけの復活[洞窟の探偵団／負傷した名探偵],江戸川コナン
379,命がけの復活[洞窟の探偵団／負傷した名探偵],毛利蘭
380,命がけの復活[洞窟の探偵団／負傷した名探偵],毛利小五郎
381,命がけの復活[洞窟の探偵団／負傷した名探偵],阿笠博士
382,命がけの復活[洞窟の探偵団／負傷した名探偵],灰原哀
383,命がけの復活[洞窟の探偵団／負傷した名探偵],小嶋元太
384,命がけの復活[洞窟の探偵団／負傷した名探偵],吉田歩美
385,命がけの復活[洞窟の探偵団／負傷した名探偵],円谷光彦
386,命がけの復活[洞窟の探偵団／負傷した名探偵],目暮十三
387,命がけの復活[第三の選択／黒衣の騎士],江戸川コナン
388,命がけの復活[第三の選択／黒衣の騎士],工藤新一
389,命がけの復活[第三の選択／黒衣の騎士],毛利蘭
390,命がけの復活[第三の選択／黒衣の騎士],毛利小五郎
391,命がけの復活[第三の選択／黒衣の騎士],服部平次
392,命がけの復活[第三の選択／黒衣の騎士],遠山和葉
393,命がけの復活[第三の選択／黒衣の騎士],阿笠博士
394,命がけの復活[第三の選択／黒衣の騎士],灰原哀
395,命がけの復活[第三の選択／黒衣の騎士],小嶋元太
396,命がけの復活[第三の選択／黒衣の騎士],吉田歩美
397,命がけの復活[第三の選択／黒衣の騎士],円谷光彦
398,命がけの復活[第三の選択／黒衣の騎士],目暮十三
399,命がけの復活[第三の選択／黒衣の騎士],高木渉
400,命がけの復活[第三の選択／黒衣の騎士],鈴木園子
401,命がけの復活[帰ってきた新一…／約束の場所],江戸川コナン
402,命がけの復活[帰ってきた新一…／約束の場所],工藤新一
403,命がけの復活[帰ってきた新一…／約束の場所],毛利蘭
404,命がけの復活[帰ってきた新一…／約束の場所],毛利小五郎
405,命がけの復活[帰ってきた新一…／約束の場所],阿笠博士
406,命がけの復活[帰ってきた新一…／約束の場所],灰原哀
407,命がけの復活[帰ってきた新一…／約束の場所],小嶋元太
408,命がけの復活[帰ってきた新一…／約束の場所],吉田歩美
409,命がけの復活[帰ってきた新一…／約束の場所],円谷光彦
410,命がけの復活[帰ってきた新一…／約束の場所],目暮十三
411,命がけの復活[帰ってきた新一…／約束の場所],高木渉
412,意味深なオルゴール,江戸川コナン
413,意味深なオルゴール,毛利蘭
414,意味深なオルゴール,毛利小五郎
415,意味深なオルゴール,阿笠博士
416,意味深なオルゴール,灰原哀
417,意味深なオルゴール,小嶋元太
418,意味深なオルゴール,吉田歩美
419,意味深なオルゴール,円谷光彦
420,容疑者・毛利小五郎,江戸川コナン
421,容疑者・毛利小五郎,毛利蘭
422,容疑者・毛利小五郎,毛利小五郎
423,容疑者・毛利小五郎,妃英理
424,容疑者・毛利小五郎,山村ミサオ
425,本庁の刑事恋物語3,江戸川コナン
426,本庁の刑事恋物語3,灰原哀
427,本庁の刑事恋物語3,小嶋元太
428,本庁の刑事恋物語3,吉田歩美
429,本庁の刑事恋物語3,円谷光彦
430,本庁の刑事恋物語3,目暮十三
431,本庁の刑事恋物語3,佐藤美和子
432,本庁の刑事恋物語3,高木渉
433,本庁の刑事恋物語3,白鳥任三郎
434,本庁の刑事恋物語3,千葉和伸
435,バトルゲームの罠,江戸川コナン
436,バトルゲームの罠,毛利蘭
437,バトルゲームの罠,目暮十三
438,バトルゲームの罠,高木渉
439,バトルゲームの罠,ジョディ
440,バトルゲームの罠,鈴木園子
441,きのこと熊と探偵団,江戸川コナン
442,きのこと熊と探偵団,阿笠博士
443,きのこと熊と探偵団,灰原哀
444,きのこと熊と探偵団,小嶋元太
445,きのこと熊と探偵団,吉田歩美
446,きのこと熊と探偵団,円谷光彦
447,偽りだらけの依頼人,江戸川コナン
448,偽りだらけの依頼人,毛利蘭
449,偽りだらけの依頼人,毛利小五郎
450,偽りだらけの依頼人,服部平次
451,偽りだらけの依頼人,遠山和葉
452,偽りだらけの依頼人,横溝参悟
453,そして人魚はいなくなった,江戸川コナン
454,そして人魚はいなくなった,毛利蘭
455,そして人魚はいなくなった,毛利小五郎
456,そして人魚はいなくなった,服部平次
457,そして人魚はいなくなった,遠山和葉
458,封印された目暮の秘密,江戸川コナン
459,封印された目暮の秘密,毛利蘭
460,封印された目暮の秘密,毛利小五郎
461,封印された目暮の秘密,目暮十三
462,封印された目暮の秘密,佐藤美和子
463,封印された目暮の秘密,高木渉
464,封印された目暮の秘密,鈴木園子
465,謎めいた乗客,江戸川コナン
466,謎めいた乗客,阿笠博士
467,謎めいた乗客,灰原哀
468,謎めいた乗客,小嶋元太
469,謎めいた乗客,吉田歩美
470,謎めいた乗客,円谷光彦
471,謎めいた乗客,目暮十三
472,謎めいた乗客,佐藤美和子
473,謎めいた乗客,高木渉
474,謎めいた乗客,白鳥任三郎
475,謎めいた乗客,ジョディ
476,謎めいた乗客,ジン
477,謎めいた乗客,ウォッカ
478,謎めいた乗客,ベルモット
479,謎めいた乗客,赤井秀一
480,消えなかった証拠,江戸川コナン
481,消えなかった証拠,阿笠博士
482,消えなかった証拠,灰原哀
483,消えなかった証拠,小嶋元太
484,消えなかった証拠,吉田歩美
485,消えなかった証拠,円谷光彦
486,大阪“3つのK”事件,江戸川コナン
487,大阪“3つのK”事件,毛利蘭
488,大阪“3つのK”事件,毛利小五郎
489,大阪“3つのK”事件,服部平次
490,大阪“3つのK”事件,遠山和葉
491,大阪“3つのK”事件,沖野ヨーコ
492,新幹線護送事件,江戸川コナン
493,新幹線護送事件,毛利蘭
494,新幹線護送事件,毛利小五郎
495,新幹線護送事件,服部平次
496,新幹線護送事件,遠山和葉
497,新幹線護送事件,目暮十三
498,新幹線護送事件,佐藤美和子
499,新幹線護送事件,高木渉
500,新幹線護送事件,鈴木園子
501,新幹線護送事件,宮本由美
502,集められた名探偵！工藤新一VS怪盗キッド,江戸川コナン
503,集められた名探偵！工藤新一VS怪盗キッド,毛利蘭
504,集められた名探偵！工藤新一VS怪盗キッド,毛利小五郎
505,集められた名探偵！工藤新一VS怪盗キッド,怪盗キッド
506,元太少年の災難,江戸川コナン
507,元太少年の災難,灰原哀
508,元太少年の災難,小嶋元太
509,元太少年の災難,吉田歩美
510,元太少年の災難,円谷光彦
511,元太少年の災難,佐藤美和子
512,元太少年の災難,高木渉
513,元太少年の災難,小林澄子
514,殺意の陶芸教室,江戸川コナン
515,殺意の陶芸教室,毛利蘭
516,殺意の陶芸教室,目暮十三
517,殺意の陶芸教室,高木渉
518,殺意の陶芸教室,鈴木園子
519,毛利小五郎のニセ者,江戸川コナン
520,毛利小五郎のニセ者,毛利蘭
521,毛利小五郎のニセ者,毛利小五郎
522,毛利小五郎のニセ者,山村ミサオ
523,網にかかった謎,江戸川コナン
524,網にかかった謎,毛利蘭
525,網にかかった謎,阿笠博士
526,網にかかった謎,灰原哀
527,網にかかった謎,小嶋元太
528,網にかかった謎,吉田歩美
529,網にかかった謎,円谷光彦
530,網にかかった謎,鈴木園子
531,網にかかった謎,横溝参悟
532,大阪ダブルミステリー浪花剣士と太閤の城[1],江戸川コナン
533,大阪ダブルミステリー浪花剣士と太閤の城[1],毛利蘭
534,大阪ダブルミステリー浪花剣士と太閤の城[1],毛利小五郎
535,大阪ダブルミステリー浪花剣士と太閤の城[1],服部平次
536,大阪ダブルミステリー浪花剣士と太閤の城[1],遠山和葉
537,大阪ダブルミステリー浪花剣士と太閤の城[2],江戸川コナン
538,大阪ダブルミステリー浪花剣士と太閤の城[2],毛利蘭
539,大阪ダブルミステリー浪花剣士と太閤の城[2],毛利小五郎
540,大阪ダブルミステリー浪花剣士と太閤の城[2],服部平次
541,大阪ダブルミステリー浪花剣士と太閤の城[2],遠山和葉
542,アイドル達の秘密,江戸川コナン
543,アイドル達の秘密,毛利蘭
544,アイドル達の秘密,毛利小五郎
545,アイドル達の秘密,目暮十三
546,アイドル達の秘密,高木渉
547,アイドル達の秘密,沖野ヨーコ
548,シカゴから来た男,江戸川コナン
549,シカゴから来た男,阿笠博士
550,シカゴから来た男,灰原哀
551,シカゴから来た男,小嶋元太
552,シカゴから来た男,吉田歩美
553,シカゴから来た男,円谷光彦
554,シカゴから来た男,佐藤美和子
555,シカゴから来た男,高木渉
556,シカゴから来た男,赤井秀一
557,シカゴから来た男,宮本由美
558,シカゴから来た男,ジェイムズ・ブラック
559,本庁の刑事恋物語4,江戸川コナン
560,本庁の刑事恋物語4,毛利蘭
561,本庁の刑事恋物語4,佐藤美和子
562,本庁の刑事恋物語4,高木渉
563,本庁の刑事恋物語4,白鳥任三郎
564,本庁の刑事恋物語4,鈴木園子
565,本庁の刑事恋物語4,赤井秀一
566,本庁の刑事恋物語4,宮本由美
567,本庁の刑事恋物語4,千葉和伸
568,本庁の刑事恋物語4,新出智明
569,バレンタインの真実,江戸川コナン
570,バレンタインの真実,毛利蘭
571,バレンタインの真実,毛利小五郎
572,バレンタインの真実,阿笠博士
573,バレンタインの真実,灰原哀
574,バレンタインの真実,小嶋元太
575,バレンタインの真実,吉田歩美
576,バレンタインの真実,円谷光彦
577,バレンタインの真実,鈴木園子
578,バレンタインの真実,京極真
579,犯罪の忘れ形見,江戸川コナン
580,犯罪の忘れ形見,毛利蘭
581,犯罪の忘れ形見,毛利小五郎
582,犯罪の忘れ形見,阿笠博士
583,犯罪の忘れ形見,灰原哀
584,犯罪の忘れ形見,小嶋元太
585,犯罪の忘れ形見,吉田歩美
586,犯罪の忘れ形見,円谷光彦
587,犯罪の忘れ形見,目暮十三
588,犯罪の忘れ形見,高木渉
589,犯罪の忘れ形見,赤井秀一
590,犯罪の忘れ形見,千葉和伸
591,隠して急いで省略,江戸川コナン
592,隠して急いで省略,毛利蘭
593,隠して急いで省略,目暮十三
594,隠して急いで省略,高木渉
595,隠して急いで省略,ジョディ
596,隠して急いで省略,鈴木園子
597,隠して急いで省略,ベルモット
598,隠して急いで省略,千葉和伸
599,英語教師VS西の名探偵,江戸川コナン
600,英語教師VS西の名探偵,服部平次
601,英語教師VS西の名探偵,遠山和葉
602,英語教師VS西の名探偵,阿笠博士
603,英語教師VS西の名探偵,灰原哀
604,英語教師VS西の名探偵,目暮十三
605,英語教師VS西の名探偵,高木渉
606,英語教師VS西の名探偵,ジョディ
607,英語教師VS西の名探偵,千葉和伸
608,迷宮のフーリガン,江戸川コナン
609,迷宮のフーリガン,阿笠博士
610,迷宮のフーリガン,灰原哀
611,迷宮のフーリガン,小嶋元太
612,迷宮のフーリガン,吉田歩美
613,迷宮のフーリガン,円谷光彦
614,迷宮のフーリガン,目暮十三
615,迷宮のフーリガン,高木渉
616,中華街雨のデジャビュ,江戸川コナン
617,中華街雨のデジャビュ,毛利蘭
618,中華街雨のデジャビュ,毛利小五郎
619,中華街雨のデジャビュ,横溝重悟
620,工藤新一NY[ニューヨーク]の事件,工藤新一
621,工藤新一NY[ニューヨーク]の事件,毛利蘭
622,工藤新一NY[ニューヨーク]の事件,工藤有希子
623,工藤新一NY[ニューヨーク]の事件,ベルモット
624,工藤新一NY[ニューヨーク]の事件,赤井秀一
625,幽霊屋敷の真実,江戸川コナン
626,幽霊屋敷の真実,毛利蘭
627,幽霊屋敷の真実,毛利小五郎
628,幽霊屋敷の真実,鈴木園子
629,幽霊屋敷の真実,新出智明
630,迷いの森の光彦,江戸川コナン
631,迷いの森の光彦,阿笠博士
632,迷いの森の光彦,灰原哀
633,迷いの森の光彦,小嶋元太
634,迷いの森の光彦,吉田歩美
635,迷いの森の光彦,円谷光彦
636,迷いの森の光彦,山村ミサオ
637,孤島の姫と竜宮城,江戸川コナン
638,孤島の姫と竜宮城,毛利蘭
639,孤島の姫と竜宮城,毛利小五郎
640,孤島の姫と竜宮城,服部平次
641,孤島の姫と竜宮城,遠山和葉
642,孤島の姫と竜宮城,鈴木園子
643,悪意と聖者の行進,江戸川コナン
644,悪意と聖者の行進,阿笠博士
645,悪意と聖者の行進,灰原哀
646,悪意と聖者の行進,小嶋元太
647,悪意と聖者の行進,吉田歩美
648,悪意と聖者の行進,円谷光彦
649,悪意と聖者の行進,目暮十三
650,悪意と聖者の行進,佐藤美和子
651,悪意と聖者の行進,高木渉
652,悪意と聖者の行進,白鳥任三郎
653,悪意と聖者の行進,宮本由美
654,悪意と聖者の行進,千葉和伸
655,揺れる警視庁1200万人の人質,江戸川コナン
656,揺れる警視庁1200万人の人質,毛利蘭
657,揺れる警視庁1200万人の人質,毛利小五郎
658,揺れる警視庁1200万人の人質,阿笠博士
659,揺れる警視庁1200万人の人質,灰原哀
660,揺れる警視庁1200万人の人質,小嶋元太
661,揺れる警視庁1200万人の人質,吉田歩美
662,揺れる警視庁1200万人の人質,円谷光彦
663,揺れる警視庁1200万人の人質,目暮十三
664,揺れる警視庁1200万人の人質,佐藤美和子
665,揺れる警視庁1200万人の人質,高木渉
666,揺れる警視庁1200万人の人質,白鳥任三郎
667,揺れる警視庁1200万人の人質,鈴木園子
668,揺れる警視庁1200万人の人質,宮本由美
669,揺れる警視庁1200万人の人質,千葉和伸
670,揺れる警視庁1200万人の人質,松田陣平
671,見えない容疑者,江戸川コナン
672,見えない容疑者,毛利蘭
673,見えない容疑者,毛利小五郎
674,見えない容疑者,妃英理
675,見えない容疑者,横溝参悟
676,残された声なき証言,江戸川コナン
677,残された声なき証言,毛利蘭
678,残された声なき証言,毛利小五郎
679,残された声なき証言,目暮十三
680,残された声なき証言,高木渉
681,残された声なき証言,千葉和伸
682,黒の組織との接触[交渉編／追跡編／決死編],江戸川コナン
683,黒の組織との接触[交渉編／追跡編／決死編],毛利蘭
684,黒の組織との接触[交渉編／追跡編／決死編],阿笠博士
685,黒の組織との接触[交渉編／追跡編／決死編],灰原哀
686,黒の組織との接触[交渉編／追跡編／決死編],目暮十三
687,黒の組織との接触[交渉編／追跡編／決死編],ジン
688,黒の組織との接触[交渉編／追跡編／決死編],ウォッカ
689,黒の組織との接触[交渉編／追跡編／決死編],赤井秀一
690,黒の組織との接触[交渉編／追跡編／決死編],山村ミサオ
691,夕陽に染まった雛人形,江戸川コナン
692,夕陽に染まった雛人形,灰原哀
693,夕陽に染まった雛人形,小嶋元太
694,夕陽に染まった雛人形,吉田歩美
695,夕陽に染まった雛人形,円谷光彦
696,汚れた覆面ヒーロー,江戸川コナン
697,汚れた覆面ヒーロー,毛利蘭
698,汚れた覆面ヒーロー,毛利小五郎
699,汚れた覆面ヒーロー,目暮十三
700,汚れた覆面ヒーロー,高木渉
701,汚れた覆面ヒーロー,鈴木園子
702,汚れた覆面ヒーロー,千葉和伸
703,服部平次絶体絶命,江戸川コナン
704,服部平次絶体絶命,毛利蘭
705,服部平次絶体絶命,毛利小五郎
706,服部平次絶体絶命,服部平次
707,服部平次絶体絶命,遠山和葉
708,炎の中に赤い馬,江戸川コナン
709,炎の中に赤い馬,毛利蘭
710,炎の中に赤い馬,毛利小五郎
711,炎の中に赤い馬,服部平次
712,炎の中に赤い馬,遠山和葉
713,お金で買えない友情,江戸川コナン
714,お金で買えない友情,阿笠博士
715,お金で買えない友情,灰原哀
716,お金で買えない友情,小嶋元太
717,お金で買えない友情,吉田歩美
718,お金で買えない友情,円谷光彦
719,お金で買えない友情,目暮十三
720,お金で買えない友情,高木渉
721,小さな依頼者,江戸川コナン
722,小さな依頼者,毛利蘭
723,小さな依頼者,毛利小五郎
724,小さな依頼者,横溝参悟
725,本庁の刑事恋物語5,江戸川コナン
726,本庁の刑事恋物語5,阿笠博士
727,本庁の刑事恋物語5,灰原哀
728,本庁の刑事恋物語5,小嶋元太
729,本庁の刑事恋物語5,吉田歩美
730,本庁の刑事恋物語5,円谷光彦
731,本庁の刑事恋物語5,佐藤美和子
732,本庁の刑事恋物語5,高木渉
733,本庁の刑事恋物語5,白鳥任三郎
734,本庁の刑事恋物語5,松田陣平
735,疑惑の辛口カレー,江戸川コナン
736,疑惑の辛口カレー,毛利蘭
737,疑惑の辛口カレー,毛利小五郎
738,疑惑の辛口カレー,鈴木園子
739,疑惑の辛口カレー,山村ミサオ
740,イチョウ色の初恋,江戸川コナン
741,イチョウ色の初恋,毛利蘭
742,イチョウ色の初恋,阿笠博士
743,イチョウ色の初恋,灰原哀
744,イチョウ色の初恋,小嶋元太
745,イチョウ色の初恋,吉田歩美
746,イチョウ色の初恋,円谷光彦
747,イチョウ色の初恋,鈴木園子
748,似た者プリンセス,江戸川コナン
749,似た者プリンセス,毛利蘭
750,似た者プリンセス,毛利小五郎
751,似た者プリンセス,目暮十三
752,似た者プリンセス,高木渉
753,似た者プリンセス,工藤有希子
754,似た者プリンセス,妃英理
755,似た者プリンセス,千葉和伸
756,東都現像所の秘密,江戸川コナン
757,東都現像所の秘密,阿笠博士
758,東都現像所の秘密,灰原哀
759,東都現像所の秘密,小嶋元太
760,東都現像所の秘密,吉田歩美
761,東都現像所の秘密,円谷光彦
762,東都現像所の秘密,目暮十三
763,東都現像所の秘密,高木渉
764,東都現像所の秘密,工藤有希子
765,東都現像所の秘密,赤井秀一
766,4台のポルシェ,江戸川コナン
767,4台のポルシェ,毛利蘭
768,4台のポルシェ,阿笠博士
769,4台のポルシェ,灰原哀
770,4台のポルシェ,目暮十三
771,4台のポルシェ,高木渉
772,4台のポルシェ,ジョディ
773,4台のポルシェ,鈴木園子
774,4台のポルシェ,ベルモット
775,4台のポルシェ,赤井秀一
776,トイレに隠した秘密,江戸川コナン
777,トイレに隠した秘密,毛利蘭
778,トイレに隠した秘密,灰原哀
779,トイレに隠した秘密,目暮十三
780,トイレに隠した秘密,高木渉
781,トイレに隠した秘密,ジョディ
782,トイレに隠した秘密,鈴木園子
783,トイレに隠した秘密,ベルモット
784,コンビニの落とし穴,江戸川コナン
785,コンビニの落とし穴,毛利蘭
786,コンビニの落とし穴,阿笠博士
787,コンビニの落とし穴,灰原哀
788,コンビニの落とし穴,ジョディ
789,コンビニの落とし穴,鈴木園子
790,黒の組織と真っ向勝負満月の夜の二元ミステリー,江戸川コナン
791,黒の組織と真っ向勝負満月の夜の二元ミステリー,工藤新一
792,黒の組織と真っ向勝負満月の夜の二元ミステリー,毛利蘭
793,黒の組織と真っ向勝負満月の夜の二元ミステリー,毛利小五郎
794,黒の組織と真っ向勝負満月の夜の二元ミステリー,服部平次
795,黒の組織と真っ向勝負満月の夜の二元ミステリー,阿笠博士
796,黒の組織と真っ向勝負満月の夜の二元ミステリー,灰原哀
797,黒の組織と真っ向勝負満月の夜の二元ミステリー,ジョディ
798,黒の組織と真っ向勝負満月の夜の二元ミステリー,ジン
799,黒の組織と真っ向勝負満月の夜の二元ミステリー,ウォッカ
800,黒の組織と真っ向勝負満月の夜の二元ミステリー,鈴木園子
801,黒の組織と真っ向勝負満月の夜の二元ミステリー,工藤有希子
802,黒の組織と真っ向勝負満月の夜の二元ミステリー,ベルモット
803,黒の組織と真っ向勝負満月の夜の二元ミステリー,赤井秀一
804,お尻のマークを探せ,江戸川コナン
805,お尻のマークを探せ,毛利蘭
806,お尻のマークを探せ,灰原哀
807,お尻のマークを探せ,小嶋元太
808,お尻のマークを探せ,吉田歩美
809,お尻のマークを探せ,円谷光彦
810,お尻のマークを探せ,目暮十三
811,お尻のマークを探せ,佐藤美和子
812,お尻のマークを探せ,高木渉
813,お尻のマークを探せ,ジョディ
814,お尻のマークを探せ,鈴木園子
815,お尻のマークを探せ,千葉和伸
816,お尻のマークを探せ,ジェイムズ・ブラック
817,忘れられた携帯電話,江戸川コナン
818,忘れられた携帯電話,毛利小五郎
819,忘れられた携帯電話,宮本由美
820,忘れられた携帯電話,榎本梓
821,どっちの推理ショー,江戸川コナン
822,どっちの推理ショー,毛利蘭
823,どっちの推理ショー,毛利小五郎
824,どっちの推理ショー,服部平次
825,どっちの推理ショー,遠山和葉
826,どっちの推理ショー,灰原哀
827,どっちの推理ショー,小嶋元太
828,どっちの推理ショー,吉田歩美
829,どっちの推理ショー,円谷光彦
830,どっちの推理ショー,目暮十三
831,どっちの推理ショー,高木渉
832,甲子園の奇跡！見えない悪魔に負けず嫌い,江戸川コナン
833,甲子園の奇跡！見えない悪魔に負けず嫌い,毛利蘭
834,甲子園の奇跡！見えない悪魔に負けず嫌い,毛利小五郎
835,甲子園の奇跡！見えない悪魔に負けず嫌い,服部平次
836,甲子園の奇跡！見えない悪魔に負けず嫌い,遠山和葉
837,本庁の刑事恋物語6,江戸川コナン
838,本庁の刑事恋物語6,灰原哀
839,本庁の刑事恋物語6,小嶋元太
840,本庁の刑事恋物語6,吉田歩美
841,本庁の刑事恋物語6,円谷光彦
842,本庁の刑事恋物語6,目暮十三
843,本庁の刑事恋物語6,佐藤美和子
844,本庁の刑事恋物語6,高木渉
845,本庁の刑事恋物語6,白鳥任三郎
846,本庁の刑事恋物語6,宮本由美
847,本庁の刑事恋物語6,千葉和伸
848,怪盗キッドの驚異空中歩行,江戸川コナン
849,怪盗キッドの驚異空中歩行,毛利蘭
850,怪盗キッドの驚異空中歩行,毛利小五郎
851,怪盗キッドの驚異空中歩行,鈴木園子
852,怪盗キッドの驚異空中歩行,怪盗キッド
853,怪盗キッドの驚異空中歩行,中森銀三
854,怪盗キッドの驚異空中歩行,鈴木次郎吉
855,帝丹高校学校怪談,江戸川コナン
856,帝丹高校学校怪談,毛利蘭
857,帝丹高校学校怪談,毛利小五郎
858,帝丹高校学校怪談,ジョディ
859,帝丹高校学校怪談,鈴木園子
860,帝丹高校学校怪談,新出智明
861,丸見え埠頭の惨劇,江戸川コナン
862,丸見え埠頭の惨劇,阿笠博士
863,丸見え埠頭の惨劇,灰原哀
864,丸見え埠頭の惨劇,小嶋元太
865,丸見え埠頭の惨劇,吉田歩美
866,丸見え埠頭の惨劇,円谷光彦
867,丸見え埠頭の惨劇,横溝重悟
868,物言わぬ航路,江戸川コナン
869,物言わぬ航路,毛利蘭
870,物言わぬ航路,毛利小五郎
871,星と煙草の暗号,江戸川コナン
872,星と煙草の暗号,阿笠博士
873,星と煙草の暗号,灰原哀
874,星と煙草の暗号,小嶋元太
875,星と煙草の暗号,吉田歩美
876,星と煙草の暗号,円谷光彦
877,ストラディバリウスの不協和音[前奏曲／間奏曲／後奏曲],江戸川コナン
878,ストラディバリウスの不協和音[前奏曲／間奏曲／後奏曲],毛利蘭
879,ストラディバリウスの不協和音[前奏曲／間奏曲／後奏曲],毛利小五郎
880,ストラディバリウスの不協和音[前奏曲／間奏曲／後奏曲],阿笠博士
881,ストラディバリウスの不協和音[前奏曲／間奏曲／後奏曲],灰原哀
882,ストラディバリウスの不協和音[前奏曲／間奏曲／後奏曲],目暮十三
883,ストラディバリウスの不協和音[前奏曲／間奏曲／後奏曲],高木渉
884,奇抜な屋敷の大冒険[封印編／絡繰編／解決編],江戸川コナン
885,奇抜な屋敷の大冒険[封印編／絡繰編／解決編],阿笠博士
886,奇抜な屋敷の大冒険[封印編／絡繰編／解決編],灰原哀
887,奇抜な屋敷の大冒険[封印編／絡繰編／解決編],小嶋元太
888,奇抜な屋敷の大冒険[封印編／絡繰編／解決編],吉田歩美
889,奇抜な屋敷の大冒険[封印編／絡繰編／解決編],円谷光彦
890,奇抜な屋敷の大冒険[封印編／絡繰編／解決編],怪盗キッド
891,奇妙な一家の依頼疑惑を持った蘭,江戸川コナン
892,奇妙な一家の依頼疑惑を持った蘭,毛利蘭
893,奇妙な一家の依頼疑惑を持った蘭,毛利小五郎
894,奇妙な一家の依頼疑惑を持った蘭,目暮十三
895,奇妙な一家の依頼疑惑を持った蘭,高木渉
896,宝石強盗現行犯,江戸川コナン
897,宝石強盗現行犯,灰原哀
898,宝石強盗現行犯,小嶋元太
899,宝石強盗現行犯,吉田歩美
900,宝石強盗現行犯,円谷光彦
901,宝石強盗現行犯,佐藤美和子
902,宝石強盗現行犯,高木渉
903,宝石強盗現行犯,白鳥任三郎
904,宝石強盗現行犯,宮本由美
905,コナン平次の推理マジック,江戸川コナン
906,コナン平次の推理マジック,毛利蘭
907,コナン平次の推理マジック,毛利小五郎
908,コナン平次の推理マジック,服部平次
909,コナン平次の推理マジック,遠山和葉
910,コナン平次の推理マジック,目暮十三
911,コナン平次の推理マジック,高木渉
912,神社鳥居ビックリ暗号,江戸川コナン
913,神社鳥居ビックリ暗号,毛利蘭
914,神社鳥居ビックリ暗号,阿笠博士
915,神社鳥居ビックリ暗号,灰原哀
916,神社鳥居ビックリ暗号,小嶋元太
917,神社鳥居ビックリ暗号,吉田歩美
918,神社鳥居ビックリ暗号,円谷光彦
919,神社鳥居ビックリ暗号,鈴木園子
920,仏滅に出る悪霊[事件編／疑惑編／解決編],江戸川コナン
921,仏滅に出る悪霊[事件編／疑惑編／解決編],毛利蘭
922,仏滅に出る悪霊[事件編／疑惑編／解決編],毛利小五郎
923,仏滅に出る悪霊[事件編／疑惑編／解決編],横溝参悟
924,仏滅に出る悪霊[事件編／疑惑編／解決編],横溝重悟
925,ブラックインパクト！組織の手が届く瞬間,江戸川コナン
926,ブラックインパクト！組織の手が届く瞬間,毛利蘭
927,ブラックインパクト！組織の手が届く瞬間,毛利小五郎
928,ブラックインパクト！組織の手が届く瞬間,阿笠博士
929,ブラックインパクト！組織の手が届く瞬間,灰原哀
930,ブラックインパクト！組織の手が届く瞬間,ジョディ
931,ブラックインパクト！組織の手が届く瞬間,ジン
932,ブラックインパクト！組織の手が届く瞬間,ウォッカ
933,ブラックインパクト！組織の手が届く瞬間,ベルモット
934,ブラックインパクト！組織の手が届く瞬間,赤井秀一
935,ブラックインパクト！組織の手が届く瞬間,ジェイムズ・ブラック
936,ブラックインパクト！組織の手が届く瞬間,水無怜奈
937,ブラックインパクト！組織の手が届く瞬間,キャンティ
938,ブラックインパクト！組織の手が届く瞬間,コルン
939,ブラックインパクト！組織の手が届く瞬間,沖野ヨーコ
940,超秘密の通学路,江戸川コナン
941,超秘密の通学路,毛利蘭
942,超秘密の通学路,毛利小五郎
943,超秘密の通学路,灰原哀
944,超秘密の通学路,小嶋元太
945,超秘密の通学路,吉田歩美
946,超秘密の通学路,円谷光彦
947,超秘密の通学路,小林澄子
948,超秘密の通学路,宮本由美
949,超秘密の通学路,新出智明
950,もう戻れない二人,江戸川コナン
951,もう戻れない二人,毛利蘭
952,もう戻れない二人,毛利小五郎
953,もう戻れない二人,鈴木園子
954,もう戻れない二人,山村ミサオ
955,もう戻れない二人,本堂瑛祐
956,本庁の刑事恋物語7,江戸川コナン
957,本庁の刑事恋物語7,毛利蘭
958,本庁の刑事恋物語7,毛利小五郎
959,本庁の刑事恋物語7,目暮十三
960,本庁の刑事恋物語7,佐藤美和子
961,本庁の刑事恋物語7,高木渉
962,本庁の刑事恋物語7,妃英理
963,本庁の刑事恋物語7,宮本由美
964,本庁の刑事恋物語7,千葉和伸
965,探偵団に注目取材,江戸川コナン
966,探偵団に注目取材,灰原哀
967,探偵団に注目取材,小嶋元太
968,探偵団に注目取材,吉田歩美
969,探偵団に注目取材,円谷光彦
970,探偵団に注目取材,目暮十三
971,探偵団に注目取材,高木渉
972,探偵団に注目取材,小林澄子
973,探偵団に注目取材,沖野ヨーコ
974,服部平次VS工藤新一ゲレンデの推理対決！,江戸川コナン
975,服部平次VS工藤新一ゲレンデの推理対決！,工藤新一
976,服部平次VS工藤新一ゲレンデの推理対決！,毛利蘭
977,服部平次VS工藤新一ゲレンデの推理対決！,服部平次
978,服部平次VS工藤新一ゲレンデの推理対決！,遠山和葉
979,服部平次VS工藤新一ゲレンデの推理対決！,鈴木園子
980,服部平次VS工藤新一ゲレンデの推理対決！,工藤優作
981,服部平次VS工藤新一ゲレンデの推理対決！,工藤有希子
982,お魚メールの追跡,江戸川コナン
983,お魚メールの追跡,毛利蘭
984,お魚メールの追跡,毛利小五郎
985,お魚メールの追跡,榎本梓
986,ため息潮干狩り,江戸川コナン
987,ため息潮干狩り,阿笠博士
988,ため息潮干狩り,灰原哀
989,ため息潮干狩り,小嶋元太
990,ため息潮干狩り,吉田歩美
991,ため息潮干狩り,円谷光彦
992,ため息潮干狩り,横溝重悟
993,ロシアンブルーの秘密,江戸川コナン
994,ロシアンブルーの秘密,毛利蘭
995,ロシアンブルーの秘密,毛利小五郎
996,ロシアンブルーの秘密,鈴木園子
997,ロシアンブルーの秘密,妃英理
998,封印された洋窓,江戸川コナン
999,封印された洋窓,毛利蘭
1000,封印された洋窓,鈴木園子
1001,封印された洋窓,山村ミサオ
1002,封印された洋窓,本堂瑛祐
1003,因縁と友情の試写会,江戸川コナン
1004,因縁と友情の試写会,阿笠博士
1005,因縁と友情の試写会,灰原哀
1006,因縁と友情の試写会,小嶋元太
1007,因縁と友情の試写会,吉田歩美
1008,因縁と友情の試写会,円谷光彦
1009,本庁の刑事恋物語偽りのウェディング,江戸川コナン
1010,本庁の刑事恋物語偽りのウェディング,毛利蘭
1011,本庁の刑事恋物語偽りのウェディング,毛利小五郎
1012,本庁の刑事恋物語偽りのウェディング,目暮十三
1013,本庁の刑事恋物語偽りのウェディング,佐藤美和子
1014,本庁の刑事恋物語偽りのウェディング,高木渉
1015,本庁の刑事恋物語偽りのウェディング,白鳥任三郎
1016,本庁の刑事恋物語偽りのウェディング,宮本由美
1017,本庁の刑事恋物語偽りのウェディング,千葉和伸
1018,ひっくり返った結末,江戸川コナン
1019,ひっくり返った結末,灰原哀
1020,ひっくり返った結末,小嶋元太
1021,ひっくり返った結末,吉田歩美
1022,ひっくり返った結末,円谷光彦
1023,ひっくり返った結末,目暮十三
1024,ひっくり返った結末,高木渉
1025,園子の赤いハンカチ,江戸川コナン
1026,園子の赤いハンカチ,毛利蘭
1027,園子の赤いハンカチ,阿笠博士
1028,園子の赤いハンカチ,鈴木園子
1029,園子の赤いハンカチ,山村ミサオ
1030,園子の赤いハンカチ,京極真
1031,怪盗キッドと四名画,江戸川コナン
1032,怪盗キッドと四名画,毛利蘭
1033,怪盗キッドと四名画,毛利小五郎
1034,怪盗キッドと四名画,目暮十三
1035,怪盗キッドと四名画,佐藤美和子
1036,怪盗キッドと四名画,高木渉
1037,怪盗キッドと四名画,怪盗キッド
1038,怪盗キッドと四名画,千葉和伸
1039,怪盗キッドと四名画,中森銀三
1040,1年B組大作戦！,江戸川コナン
1041,1年B組大作戦！,灰原哀
1042,1年B組大作戦！,小嶋元太
1043,1年B組大作戦！,吉田歩美
1044,1年B組大作戦！,円谷光彦
1045,1年B組大作戦！,小林澄子
1046,黒の組織の影[幼い目撃者／奇妙な照明],江戸川コナン
1047,黒の組織の影[幼い目撃者／奇妙な照明],毛利蘭
1048,黒の組織の影[幼い目撃者／奇妙な照明],毛利小五郎
1049,黒の組織の影[幼い目撃者／奇妙な照明],目暮十三
1050,黒の組織の影[幼い目撃者／奇妙な照明],高木渉
1051,黒の組織の影[幼い目撃者／奇妙な照明],ジョディ
1052,黒の組織の影[幼い目撃者／奇妙な照明],鈴木園子
1053,黒の組織の影[幼い目撃者／奇妙な照明],千葉和伸
1054,黒の組織の影[幼い目撃者／奇妙な照明],赤井秀一
1055,黒の組織の影[幼い目撃者／奇妙な照明],ジェイムズ・ブラック
1056,黒の組織の影[幼い目撃者／奇妙な照明],水無怜奈
1057,黒の組織の影[幼い目撃者／奇妙な照明],本堂瑛祐
1058,黒の組織の影[謎の高額報酬／真珠の流れ星],江戸川コナン
1059,黒の組織の影[謎の高額報酬／真珠の流れ星],毛利蘭
1060,黒の組織の影[謎の高額報酬／真珠の流れ星],毛利小五郎
1061,黒の組織の影[謎の高額報酬／真珠の流れ星],目暮十三
1062,黒の組織の影[謎の高額報酬／真珠の流れ星],高木渉
1063,黒の組織の影[謎の高額報酬／真珠の流れ星],ジン
1064,黒の組織の影[謎の高額報酬／真珠の流れ星],ウォッカ
1065,黒の組織の影[謎の高額報酬／真珠の流れ星],コルン
1066,黒の組織の影[謎の高額報酬／真珠の流れ星],キャンティ
1067,黒の組織の影[謎の高額報酬／真珠の流れ星],キール
1068,黒の組織の影[謎の高額報酬／真珠の流れ星],本堂瑛祐
1069,黒の組織の影[謎の高額報酬／真珠の流れ星],榎本梓
1070,割れない雪だるま,江戸川コナン
1071,割れない雪だるま,阿笠博士
1072,割れない雪だるま,灰原哀
1073,割れない雪だるま,小嶋元太
1074,割れない雪だるま,吉田歩美
1075,割れない雪だるま,円谷光彦
1076,割れない雪だるま,山村ミサオ
1077,服部平次との3日間[1],江戸川コナン
1078,服部平次との3日間[1],毛利蘭
1079,服部平次との3日間[1],毛利小五郎
1080,服部平次との3日間[1],服部平次
1081,服部平次との3日間[1],遠山和葉
1082,服部平次との3日間[2],江戸川コナン
1083,服部平次との3日間[2],毛利蘭
1084,服部平次との3日間[2],毛利小五郎
1085,服部平次との3日間[2],服部平次
1086,服部平次との3日間[2],遠山和葉
1087,元太の必殺シュート,江戸川コナン
1088,元太の必殺シュート,毛利小五郎
1089,元太の必殺シュート,阿笠博士
1090,元太の必殺シュート,灰原哀
1091,元太の必殺シュート,小嶋元太
1092,元太の必殺シュート,吉田歩美
1093,元太の必殺シュート,円谷光彦
1094,元太の必殺シュート,目暮十三
1095,元太の必殺シュート,高木渉
1096,元太の必殺シュート,榎本梓
1097,工藤新一少年の冒険,江戸川コナン
1098,工藤新一少年の冒険,工藤新一
1099,工藤新一少年の冒険,毛利蘭
1100,工藤新一少年の冒険,毛利小五郎
1101,工藤新一少年の冒険,阿笠博士
1102,工藤新一少年の冒険,灰原哀
1103,工藤新一少年の冒険,小嶋元太
1104,工藤新一少年の冒険,吉田歩美
1105,工藤新一少年の冒険,円谷光彦
1106,工藤新一少年の冒険,目暮十三
1107,工藤新一少年の冒険,工藤優作
1108,工藤新一少年の冒険,工藤有希子
1109,工藤新一少年の冒険,妃英理
1110,工藤新一少年の冒険,小林澄子
1111,妃英理弁護士の恋,江戸川コナン
1112,妃英理弁護士の恋,毛利蘭
1113,妃英理弁護士の恋,毛利小五郎
1114,妃英理弁護士の恋,妃英理
1115,本庁の刑事恋物語8[左手の薬指],江戸川コナン
1116,本庁の刑事恋物語8[左手の薬指],毛利蘭
1117,本庁の刑事恋物語8[左手の薬指],毛利小五郎
1118,本庁の刑事恋物語8[左手の薬指],佐藤美和子
1119,本庁の刑事恋物語8[左手の薬指],高木渉
1120,本庁の刑事恋物語8[左手の薬指],白鳥任三郎
1121,山姥の刃物,江戸川コナン
1122,山姥の刃物,阿笠博士
1123,山姥の刃物,灰原哀
1124,山姥の刃物,小嶋元太
1125,山姥の刃物,吉田歩美
1126,山姥の刃物,円谷光彦
1127,山姥の刃物,山村ミサオ
1128,黒い写真の行方,江戸川コナン
1129,黒い写真の行方,毛利蘭
1130,黒い写真の行方,服部平次
1131,黒い写真の行方,阿笠博士
1132,黒い写真の行方,灰原哀
1133,黒い写真の行方,鈴木園子
1134,赤と黒のクラッシュ[発端／血縁],江戸川コナン
1135,赤と黒のクラッシュ[発端／血縁],毛利蘭
1136,赤と黒のクラッシュ[発端／血縁],毛利小五郎
1137,赤と黒のクラッシュ[発端／血縁],服部平次
1138,赤と黒のクラッシュ[発端／血縁],鈴木園子
1139,赤と黒のクラッシュ[発端／血縁],本堂瑛祐
1140,赤と黒のクラッシュ[血縁／絶叫／冥土],江戸川コナン
1141,赤と黒のクラッシュ[血縁／絶叫／冥土],毛利蘭
1142,赤と黒のクラッシュ[血縁／絶叫／冥土],毛利小五郎
1143,赤と黒のクラッシュ[血縁／絶叫／冥土],阿笠博士
1144,赤と黒のクラッシュ[血縁／絶叫／冥土],灰原哀
1145,赤と黒のクラッシュ[血縁／絶叫／冥土],目暮十三
1146,赤と黒のクラッシュ[血縁／絶叫／冥土],高木渉
1147,赤と黒のクラッシュ[血縁／絶叫／冥土],ジョディ
1148,赤と黒のクラッシュ[血縁／絶叫／冥土],鈴木園子
1149,赤と黒のクラッシュ[血縁／絶叫／冥土],本堂瑛祐
1150,テレビ局の悪魔,江戸川コナン
1151,テレビ局の悪魔,阿笠博士
1152,テレビ局の悪魔,灰原哀
1153,テレビ局の悪魔,小嶋元太
1154,テレビ局の悪魔,吉田歩美
1155,テレビ局の悪魔,円谷光彦
1156,テレビ局の悪魔,目暮十三
1157,テレビ局の悪魔,高木渉
1158,テレビ局の悪魔,沖野ヨーコ
1159,逃亡者,江戸川コナン
1160,逃亡者,毛利蘭
1161,逃亡者,毛利小五郎
1162,逃亡者,阿笠博士
1163,逃亡者,灰原哀
1164,逃亡者,小嶋元太
1165,逃亡者,吉田歩美
1166,逃亡者,円谷光彦
1167,逃亡者,妃英理
1168,逃亡者,榎本梓
1169,赤と黒のクラッシュ[昏睡／侵入],江戸川コナン
1170,赤と黒のクラッシュ[昏睡／侵入],毛利蘭
1171,赤と黒のクラッシュ[昏睡／侵入],毛利小五郎
1172,赤と黒のクラッシュ[昏睡／侵入],阿笠博士
1173,赤と黒のクラッシュ[昏睡／侵入],灰原哀
1174,赤と黒のクラッシュ[昏睡／侵入],ジョディ
1175,赤と黒のクラッシュ[昏睡／侵入],鈴木園子
1176,赤と黒のクラッシュ[昏睡／侵入],赤井秀一
1177,赤と黒のクラッシュ[昏睡／侵入],ジェイムズ・ブラック
1178,赤と黒のクラッシュ[昏睡／侵入],水無怜奈
1179,赤と黒のクラッシュ[覚醒／攪乱／偽装／遺言／嫌疑],江戸川コナン
1180,赤と黒のクラッシュ[覚醒／攪乱／偽装／遺言／嫌疑],ジョディ
1181,赤と黒のクラッシュ[覚醒／攪乱／偽装／遺言／嫌疑],ジン
1182,赤と黒のクラッシュ[覚醒／攪乱／偽装／遺言／嫌疑],ウォッカ
1183,赤と黒のクラッシュ[覚醒／攪乱／偽装／遺言／嫌疑],ベルモット
1184,赤と黒のクラッシュ[覚醒／攪乱／偽装／遺言／嫌疑],赤井秀一
1185,赤と黒のクラッシュ[覚醒／攪乱／偽装／遺言／嫌疑],ジェイムズ・ブラック
1186,赤と黒のクラッシュ[覚醒／攪乱／偽装／遺言／嫌疑],水無怜奈
1187,赤と黒のクラッシュ[覚醒／攪乱／偽装／遺言／嫌疑],本堂瑛祐
1188,赤と黒のクラッシュ[覚醒／攪乱／偽装／遺言／嫌疑],キャンティ
1189,赤と黒のクラッシュ[覚醒／攪乱／偽装／遺言／嫌疑],コルン
1190,赤と黒のクラッシュ[覚醒／攪乱／偽装／遺言／嫌疑],アンドレ・キャメル
1191,赤と黒のクラッシュ[嫌疑／潔白／決死／殉職],江戸川コナン
1192,赤と黒のクラッシュ[嫌疑／潔白／決死／殉職],阿笠博士
1193,赤と黒のクラッシュ[嫌疑／潔白／決死／殉職],灰原哀
1194,赤と黒のクラッシュ[嫌疑／潔白／決死／殉職],小嶋元太
1195,赤と黒のクラッシュ[嫌疑／潔白／決死／殉職],吉田歩美
1196,赤と黒のクラッシュ[嫌疑／潔白／決死／殉職],円谷光彦
1197,赤と黒のクラッシュ[嫌疑／潔白／決死／殉職],目暮十三
1198,赤と黒のクラッシュ[嫌疑／潔白／決死／殉職],高木渉
1199,赤と黒のクラッシュ[嫌疑／潔白／決死／殉職],ジョディ
1200,赤と黒のクラッシュ[嫌疑／潔白／決死／殉職],ジン
1201,赤と黒のクラッシュ[嫌疑／潔白／決死／殉職],ウォッカ
1202,赤と黒のクラッシュ[嫌疑／潔白／決死／殉職],千葉和伸
1203,赤と黒のクラッシュ[嫌疑／潔白／決死／殉職],ベルモット
1204,赤と黒のクラッシュ[嫌疑／潔白／決死／殉職],赤井秀一
1205,赤と黒のクラッシュ[嫌疑／潔白／決死／殉職],ジェイムズ・ブラック
1206,赤と黒のクラッシュ[嫌疑／潔白／決死／殉職],水無怜奈
1207,赤と黒のクラッシュ[嫌疑／潔白／決死／殉職],本堂瑛祐
1208,赤と黒のクラッシュ[嫌疑／潔白／決死／殉職],アンドレ・キャメル
1209,弁護士妃英理の証言,江戸川コナン
1210,弁護士妃英理の証言,毛利蘭
1211,弁護士妃英理の証言,毛利小五郎
1212,弁護士妃英理の証言,目暮十三
1213,弁護士妃英理の証言,高木渉
1214,弁護士妃英理の証言,妃英理
1215,風林火山迷宮の鎧武者／陰と雷光の決着,江戸川コナン
1216,風林火山迷宮の鎧武者／陰と雷光の決着,毛利蘭
1217,風林火山迷宮の鎧武者／陰と雷光の決着,毛利小五郎
1218,風林火山迷宮の鎧武者／陰と雷光の決着,服部平次
1219,風林火山迷宮の鎧武者／陰と雷光の決着,遠山和葉
1220,風林火山迷宮の鎧武者／陰と雷光の決着,大和敢助
1221,風林火山迷宮の鎧武者／陰と雷光の決着,上原由衣
1222,カラオケボックスの死角,江戸川コナン
1223,カラオケボックスの死角,毛利蘭
1224,カラオケボックスの死角,灰原哀
1225,カラオケボックスの死角,小嶋元太
1226,カラオケボックスの死角,吉田歩美
1227,カラオケボックスの死角,円谷光彦
1228,カラオケボックスの死角,目暮十三
1229,カラオケボックスの死角,高木渉
1230,カラオケボックスの死角,鈴木園子
1231,カラオケボックスの死角,本堂瑛祐
1232,赤白黄色と探偵団／コナンvsW暗号ミステリー,江戸川コナン
1233,赤白黄色と探偵団／コナンvsW暗号ミステリー,阿笠博士
1234,赤白黄色と探偵団／コナンvsW暗号ミステリー,灰原哀
1235,赤白黄色と探偵団／コナンvsW暗号ミステリー,小嶋元太
1236,赤白黄色と探偵団／コナンvsW暗号ミステリー,吉田歩美
1237,赤白黄色と探偵団／コナンvsW暗号ミステリー,円谷光彦
1238,赤白黄色と探偵団／コナンvsW暗号ミステリー,ジョディ
1239,赤白黄色と探偵団／コナンvsW暗号ミステリー,ジェイムズ・ブラック
1240,赤白黄色と探偵団／コナンvsW暗号ミステリー,キール
1241,赤白黄色と探偵団／コナンvsW暗号ミステリー,沖矢昴
1242,都市伝説の正体,江戸川コナン
1243,都市伝説の正体,毛利蘭
1244,都市伝説の正体,目暮十三
1245,都市伝説の正体,佐藤美和子
1246,都市伝説の正体,高木渉
1247,都市伝説の正体,白鳥任三郎
1248,都市伝説の正体,鈴木園子
1249,都市伝説の正体,千葉和伸
1250,殺意はコーヒーの香り,江戸川コナン
1251,殺意はコーヒーの香り,毛利蘭
1252,殺意はコーヒーの香り,毛利小五郎
1253,殺意はコーヒーの香り,目暮十三
1254,殺意はコーヒーの香り,高木渉
1255,怪盗キッドの瞬間移動魔術[テレポーテーションマジック],江戸川コナン
1256,怪盗キッドの瞬間移動魔術[テレポーテーションマジック],毛利蘭
1257,怪盗キッドの瞬間移動魔術[テレポーテーションマジック],毛利小五郎
1258,怪盗キッドの瞬間移動魔術[テレポーテーションマジック],鈴木園子
1259,怪盗キッドの瞬間移動魔術[テレポーテーションマジック],怪盗キッド
1260,怪盗キッドの瞬間移動魔術[テレポーテーションマジック],中森銀三
1261,怪盗キッドの瞬間移動魔術[テレポーテーションマジック],鈴木次郎吉
1262,憎しみの青い火花,江戸川コナン
1263,憎しみの青い火花,阿笠博士
1264,憎しみの青い火花,灰原哀
1265,憎しみの青い火花,小嶋元太
1266,憎しみの青い火花,吉田歩美
1267,憎しみの青い火花,円谷光彦
1268,憎しみの青い火花,沖矢昴
1269,推理対決！新一VS沖矢昴,江戸川コナン
1270,推理対決！新一VS沖矢昴,毛利蘭
1271,推理対決！新一VS沖矢昴,毛利小五郎
1272,推理対決！新一VS沖矢昴,灰原哀
1273,推理対決！新一VS沖矢昴,小嶋元太
1274,推理対決！新一VS沖矢昴,吉田歩美
1275,推理対決！新一VS沖矢昴,円谷光彦
1276,推理対決！新一VS沖矢昴,鈴木園子
1277,推理対決！新一VS沖矢昴,小林澄子
1278,推理対決！新一VS沖矢昴,沖矢昴
1279,真犯人からの届け物,江戸川コナン
1280,真犯人からの届け物,毛利蘭
1281,真犯人からの届け物,毛利小五郎
1282,真犯人からの届け物,目暮十三
1283,真犯人からの届け物,佐藤美和子
1284,真犯人からの届け物,高木渉
1285,真犯人からの届け物,千葉和伸
1286,真犯人からの届け物,榎本梓
1287,柔よく謎を制す,江戸川コナン
1288,柔よく謎を制す,毛利蘭
1289,柔よく謎を制す,毛利小五郎
1290,柔よく謎を制す,目暮十三
1291,柔よく謎を制す,高木渉
1292,柔よく謎を制す,妃英理
1293,殺人犯、工藤新一／新一の正体に蘭の涙,江戸川コナン
1294,殺人犯、工藤新一／新一の正体に蘭の涙,工藤新一
1295,殺人犯、工藤新一／新一の正体に蘭の涙,毛利蘭
1296,殺人犯、工藤新一／新一の正体に蘭の涙,毛利小五郎
1297,殺人犯、工藤新一／新一の正体に蘭の涙,服部平次
1298,殺人犯、工藤新一／新一の正体に蘭の涙,遠山和葉
1299,殺人犯、工藤新一／新一の正体に蘭の涙,阿笠博士
1300,殺人犯、工藤新一／新一の正体に蘭の涙,灰原哀
1301,本当に聞きたいコト,江戸川コナン
1302,本当に聞きたいコト,工藤新一
1303,本当に聞きたいコト,毛利蘭
1304,本当に聞きたいコト,毛利小五郎
1305,本当に聞きたいコト,服部平次
1306,本当に聞きたいコト,遠山和葉
1307,本当に聞きたいコト,阿笠博士
1308,本当に聞きたいコト,灰原哀
1309,本当に聞きたいコト,佐藤美和子
1310,本当に聞きたいコト,高木渉
1311,回転寿司ミステリー,江戸川コナン
1312,回転寿司ミステリー,服部平次
1313,回転寿司ミステリー,阿笠博士
1314,回転寿司ミステリー,灰原哀
1315,回転寿司ミステリー,小嶋元太
1316,回転寿司ミステリー,吉田歩美
1317,回転寿司ミステリー,円谷光彦
1318,回転寿司ミステリー,目暮十三
1319,回転寿司ミステリー,高木渉
1320,犯人は元太の父ちゃん,江戸川コナン
1321,犯人は元太の父ちゃん,阿笠博士
1322,犯人は元太の父ちゃん,灰原哀
1323,犯人は元太の父ちゃん,小嶋元太
1324,犯人は元太の父ちゃん,吉田歩美
1325,犯人は元太の父ちゃん,円谷光彦
1326,犯人は元太の父ちゃん,目暮十三
1327,犯人は元太の父ちゃん,高木渉
1328,犯人は元太の父ちゃん,千葉和伸
1329,霧にむせぶ魔女,江戸川コナン
1330,霧にむせぶ魔女,毛利蘭
1331,霧にむせぶ魔女,毛利小五郎
1332,霧にむせぶ魔女,佐藤美和子
1333,霧にむせぶ魔女,山村ミサオ
1334,霧にむせぶ魔女,宮本由美
1335,魚が消える一角岩,江戸川コナン
1336,魚が消える一角岩,灰原哀
1337,魚が消える一角岩,小嶋元太
1338,魚が消える一角岩,吉田歩美
1339,魚が消える一角岩,円谷光彦
1340,魚が消える一角岩,横溝重悟
1341,魚が消える一角岩,沖矢昴
1342,初恋の傷跡／過去を呼ぶ傷跡,江戸川コナン
1343,初恋の傷跡／過去を呼ぶ傷跡,毛利蘭
1344,初恋の傷跡／過去を呼ぶ傷跡,毛利小五郎
1345,初恋の傷跡／過去を呼ぶ傷跡,目暮十三
1346,初恋の傷跡／過去を呼ぶ傷跡,高木渉
1347,初恋の傷跡／過去を呼ぶ傷跡,千葉和伸
1348,新たなる傷跡と口笛の男／古き傷跡と刑事の魂,江戸川コナン
1349,新たなる傷跡と口笛の男／古き傷跡と刑事の魂,灰原哀
1350,新たなる傷跡と口笛の男／古き傷跡と刑事の魂,小嶋元太
1351,新たなる傷跡と口笛の男／古き傷跡と刑事の魂,吉田歩美
1352,新たなる傷跡と口笛の男／古き傷跡と刑事の魂,円谷光彦
1353,新たなる傷跡と口笛の男／古き傷跡と刑事の魂,目暮十三
1354,新たなる傷跡と口笛の男／古き傷跡と刑事の魂,佐藤美和子
1355,新たなる傷跡と口笛の男／古き傷跡と刑事の魂,高木渉
1356,新たなる傷跡と口笛の男／古き傷跡と刑事の魂,白鳥任三郎
1357,新たなる傷跡と口笛の男／古き傷跡と刑事の魂,千葉和伸
1358,怪盗キッドVS最強金庫,江戸川コナン
1359,怪盗キッドVS最強金庫,毛利蘭
1360,怪盗キッドVS最強金庫,毛利小五郎
1361,怪盗キッドVS最強金庫,高木渉
1362,怪盗キッドVS最強金庫,鈴木園子
1363,怪盗キッドVS最強金庫,怪盗キッド
1364,怪盗キッドVS最強金庫,榎本梓
1365,怪盗キッドVS最強金庫,中森銀三
1366,怪盗キッドVS最強金庫,鈴木次郎吉
1367,探偵団VS強盗団［騒然／沈黙］,江戸川コナン
1368,探偵団VS強盗団［騒然／沈黙］,阿笠博士
1369,探偵団VS強盗団［騒然／沈黙］,灰原哀
1370,探偵団VS強盗団［騒然／沈黙］,小嶋元太
1371,探偵団VS強盗団［騒然／沈黙］,吉田歩美
1372,探偵団VS強盗団［騒然／沈黙］,円谷光彦
1373,探偵団VS強盗団［騒然／沈黙］,ジョディ
1374,探偵団VS強盗団［騒然／沈黙］,ジェイムズ・ブラック
1375,探偵団VS強盗団［騒然／沈黙］,アンドレ・キャメル
1376,危険な二人連れ,江戸川コナン
1377,危険な二人連れ,毛利蘭
1378,危険な二人連れ,毛利小五郎
1379,危険な二人連れ,阿笠博士
1380,危険な二人連れ,灰原哀
1381,危険な二人連れ,大和敢助
1382,危険な二人連れ,上原由衣
1383,死亡の館、赤い壁[三顧の礼／掌中の物／死せる孔明／空城の計],江戸川コナン
1384,死亡の館、赤い壁[三顧の礼／掌中の物／死せる孔明／空城の計],毛利蘭
1385,死亡の館、赤い壁[三顧の礼／掌中の物／死せる孔明／空城の計],毛利小五郎
1386,死亡の館、赤い壁[三顧の礼／掌中の物／死せる孔明／空城の計],大和敢助
1387,死亡の館、赤い壁[三顧の礼／掌中の物／死せる孔明／空城の計],上原由衣
1388,死亡の館、赤い壁[三顧の礼／掌中の物／死せる孔明／空城の計],諸伏高明
1389,白鳥警部、桜の思い出,江戸川コナン
1390,白鳥警部、桜の思い出,灰原哀
1391,白鳥警部、桜の思い出,小嶋元太
1392,白鳥警部、桜の思い出,吉田歩美
1393,白鳥警部、桜の思い出,円谷光彦
1394,白鳥警部、桜の思い出,目暮十三
1395,白鳥警部、桜の思い出,佐藤美和子
1396,白鳥警部、桜の思い出,高木渉
1397,白鳥警部、桜の思い出,白鳥任三郎
1398,白鳥警部、桜の思い出,小林澄子
1399,もののけ倉でお宝バトル,江戸川コナン
1400,もののけ倉でお宝バトル,服部平次
1401,もののけ倉でお宝バトル,阿笠博士
1402,もののけ倉でお宝バトル,灰原哀
1403,もののけ倉でお宝バトル,小嶋元太
1404,もののけ倉でお宝バトル,吉田歩美
1405,もののけ倉でお宝バトル,円谷光彦
1406,もののけ倉でお宝バトル,白鳥任三郎
1407,もののけ倉でお宝バトル,小林澄子
1408,もののけ倉でお宝バトル,沖矢昴
1409,恥ずかしいお守りの行方,江戸川コナン
1410,恥ずかしいお守りの行方,毛利蘭
1411,恥ずかしいお守りの行方,毛利小五郎
1412,恥ずかしいお守りの行方,服部平次
1413,恥ずかしいお守りの行方,遠山和葉
1414,恥ずかしいお守りの行方,高木渉
1415,黒きドレスのアリバイ,江戸川コナン
1416,黒きドレスのアリバイ,毛利蘭
1417,黒きドレスのアリバイ,毛利小五郎
1418,黒きドレスのアリバイ,目暮十三
1419,黒きドレスのアリバイ,高木渉
1420,黒きドレスのアリバイ,鈴木園子
1421,危機呼ぶ赤い前兆[オーメン],江戸川コナン
1422,危機呼ぶ赤い前兆[オーメン],灰原哀
1423,危機呼ぶ赤い前兆[オーメン],小嶋元太
1424,危機呼ぶ赤い前兆[オーメン],吉田歩美
1425,危機呼ぶ赤い前兆[オーメン],円谷光彦
1426,黒き13の暗示[サジェスト]／迫る黒の刻限[タイムリミット]／赤く揺れる照準[ターゲット],江戸川コナン
1427,黒き13の暗示[サジェスト]／迫る黒の刻限[タイムリミット]／赤く揺れる照準[ターゲット],毛利蘭
1428,黒き13の暗示[サジェスト]／迫る黒の刻限[タイムリミット]／赤く揺れる照準[ターゲット],毛利小五郎
1429,黒き13の暗示[サジェスト]／迫る黒の刻限[タイムリミット]／赤く揺れる照準[ターゲット],ジョディ
1430,黒き13の暗示[サジェスト]／迫る黒の刻限[タイムリミット]／赤く揺れる照準[ターゲット],ジン
1431,黒き13の暗示[サジェスト]／迫る黒の刻限[タイムリミット]／赤く揺れる照準[ターゲット],ウォッカ
1432,黒き13の暗示[サジェスト]／迫る黒の刻限[タイムリミット]／赤く揺れる照準[ターゲット],ベルモット
1433,黒き13の暗示[サジェスト]／迫る黒の刻限[タイムリミット]／赤く揺れる照準[ターゲット],キール
1434,黒き13の暗示[サジェスト]／迫る黒の刻限[タイムリミット]／赤く揺れる照準[ターゲット],キャンティ
1435,黒き13の暗示[サジェスト]／迫る黒の刻限[タイムリミット]／赤く揺れる照準[ターゲット],コルン
1436,黒き13の暗示[サジェスト]／迫る黒の刻限[タイムリミット]／赤く揺れる照準[ターゲット],アンドレ・キャメル
1437,黒き13の暗示[サジェスト]／迫る黒の刻限[タイムリミット]／赤く揺れる照準[ターゲット],沖矢昴
1438,小林先生の恋／白鳥警部の失恋／時を超える桜の恋,江戸川コナン
1439,小林先生の恋／白鳥警部の失恋／時を超える桜の恋,灰原哀
1440,小林先生の恋／白鳥警部の失恋／時を超える桜の恋,小嶋元太
1441,小林先生の恋／白鳥警部の失恋／時を超える桜の恋,吉田歩美
1442,小林先生の恋／白鳥警部の失恋／時を超える桜の恋,円谷光彦
1443,小林先生の恋／白鳥警部の失恋／時を超える桜の恋,目暮十三
1444,小林先生の恋／白鳥警部の失恋／時を超える桜の恋,佐藤美和子
1445,小林先生の恋／白鳥警部の失恋／時を超える桜の恋,高木渉
1446,小林先生の恋／白鳥警部の失恋／時を超える桜の恋,白鳥任三郎
1447,小林先生の恋／白鳥警部の失恋／時を超える桜の恋,宮本由美
1448,小林先生の恋／白鳥警部の失恋／時を超える桜の恋,千葉和伸
1449,小林先生の恋／白鳥警部の失恋／時を超える桜の恋,小林澄子
1450,最悪な誕生日[バースデー],江戸川コナン
1451,最悪な誕生日[バースデー],毛利蘭
1452,最悪な誕生日[バースデー],毛利小五郎
1453,最悪な誕生日[バースデー],妃英理
1454,最悪な誕生日[バースデー],横溝参悟
1455,闇に消えた麒麟の角／キッドVS四神探偵団,江戸川コナン
1456,闇に消えた麒麟の角／キッドVS四神探偵団,毛利蘭
1457,闇に消えた麒麟の角／キッドVS四神探偵団,毛利小五郎
1458,闇に消えた麒麟の角／キッドVS四神探偵団,灰原哀
1459,闇に消えた麒麟の角／キッドVS四神探偵団,小嶋元太
1460,闇に消えた麒麟の角／キッドVS四神探偵団,吉田歩美
1461,闇に消えた麒麟の角／キッドVS四神探偵団,円谷光彦
1462,闇に消えた麒麟の角／キッドVS四神探偵団,鈴木園子
1463,闇に消えた麒麟の角／キッドVS四神探偵団,怪盗キッド
1464,闇に消えた麒麟の角／キッドVS四神探偵団,中森銀三
1465,闇に消えた麒麟の角／キッドVS四神探偵団,鈴木次郎吉
1466,猿と熊手のトリ物帖,江戸川コナン
1467,猿と熊手のトリ物帖,毛利蘭
1468,猿と熊手のトリ物帖,毛利小五郎
1469,猿と熊手のトリ物帖,目暮十三
1470,猿と熊手のトリ物帖,高木渉
1471,猿と熊手のトリ物帖,鈴木園子
1472,猿と熊手のトリ物帖,千葉和伸
1473,河童が見た夢,江戸川コナン
1474,河童が見た夢,毛利蘭
1475,河童が見た夢,毛利小五郎
1476,河童が見た夢,山村ミサオ
1477,湯煙密室のシナリオ,江戸川コナン
1478,湯煙密室のシナリオ,阿笠博士
1479,湯煙密室のシナリオ,灰原哀
1480,湯煙密室のシナリオ,小嶋元太
1481,湯煙密室のシナリオ,吉田歩美
1482,湯煙密室のシナリオ,円谷光彦
1483,湯煙密室のシナリオ,横溝重悟
1484,裏切りのホワイトデー,江戸川コナン
1485,裏切りのホワイトデー,毛利蘭
1486,裏切りのホワイトデー,毛利小五郎
1487,裏切りのホワイトデー,目暮十三
1488,裏切りのホワイトデー,佐藤美和子
1489,裏切りのホワイトデー,高木渉
1490,裏切りのホワイトデー,白鳥任三郎
1491,裏切りのホワイトデー,鈴木園子
1492,裏切りのホワイトデー,妃英理
1493,裏切りのホワイトデー,千葉和伸
1494,裏切りのホワイトデー,京極真
1495,日記が奏でる秘密,江戸川コナン
1496,日記が奏でる秘密,阿笠博士
1497,日記が奏でる秘密,灰原哀
1498,日記が奏でる秘密,小嶋元太
1499,日記が奏でる秘密,吉田歩美
1500,日記が奏でる秘密,円谷光彦
1501,コナンキッドの龍馬お宝攻防戦,江戸川コナン
1502,コナンキッドの龍馬お宝攻防戦,毛利蘭
1503,コナンキッドの龍馬お宝攻防戦,鈴木園子
1504,コナンキッドの龍馬お宝攻防戦,怪盗キッド
1505,コナンキッドの龍馬お宝攻防戦,中森銀三
1506,コナンキッドの龍馬お宝攻防戦,鈴木次郎吉
1507,被害者はクドウシンイチ／犬伏城炎の魔犬,江戸川コナン
1508,被害者はクドウシンイチ／犬伏城炎の魔犬,毛利蘭
1509,被害者はクドウシンイチ／犬伏城炎の魔犬,毛利小五郎
1510,被害者はクドウシンイチ／犬伏城炎の魔犬,服部平次
1511,被害者はクドウシンイチ／犬伏城炎の魔犬,遠山和葉
1512,被害者はクドウシンイチ／犬伏城炎の魔犬,目暮十三
1513,被害者はクドウシンイチ／犬伏城炎の魔犬,高木渉
1514,被害者はクドウシンイチ／犬伏城炎の魔犬,山村ミサオ
1515,初恋のビデオレター,江戸川コナン
1516,初恋のビデオレター,灰原哀
1517,初恋のビデオレター,小嶋元太
1518,初恋のビデオレター,吉田歩美
1519,初恋のビデオレター,円谷光彦
1520,初恋のビデオレター,白鳥任三郎
1521,初恋のビデオレター,千葉和伸
1522,初恋のビデオレター,小林澄子
1523,初恋のビデオレター,三池苗子
1524,ホームズの黙示録,江戸川コナン
1525,ホームズの黙示録,工藤新一
1526,ホームズの黙示録,毛利蘭
1527,ホームズの黙示録,毛利小五郎
1528,ホームズの黙示録,阿笠博士
1529,ホームズの黙示録,灰原哀
1530,ホームズの黙示録,工藤優作
1531,ホームズの黙示録,工藤有希子
1532,緊急事態２５２,江戸川コナン
1533,緊急事態２５２,阿笠博士
1534,緊急事態２５２,灰原哀
1535,緊急事態２５２,小嶋元太
1536,緊急事態２５２,吉田歩美
1537,緊急事態２５２,円谷光彦
1538,緊急事態２５２,沖矢昴
1539,絶叫手術室［オペルーム］,江戸川コナン
1540,絶叫手術室［オペルーム］,毛利蘭
1541,絶叫手術室［オペルーム］,毛利小五郎
1542,絶叫手術室［オペルーム］,目暮十三
1543,絶叫手術室［オペルーム］,高木渉
1544,絶叫手術室［オペルーム］,鈴木園子
1545,カルタ取り危機一髪,江戸川コナン
1546,カルタ取り危機一髪,毛利蘭
1547,カルタ取り危機一髪,毛利小五郎
1548,カルタ取り危機一髪,灰原哀
1549,カルタ取り危機一髪,小嶋元太
1550,カルタ取り危機一髪,吉田歩美
1551,カルタ取り危機一髪,円谷光彦
1552,カルタ取り危機一髪,高木渉
1553,時の番人の刃,江戸川コナン
1554,時の番人の刃,毛利蘭
1555,時の番人の刃,毛利小五郎
1556,時の番人の刃,阿笠博士
1557,時の番人の刃,灰原哀
1558,時の番人の刃,小嶋元太
1559,時の番人の刃,吉田歩美
1560,時の番人の刃,円谷光彦
1561,時の番人の刃,目暮十三
1562,時の番人の刃,高木渉
1563,死ぬほど美味いラーメン,江戸川コナン
1564,死ぬほど美味いラーメン,毛利蘭
1565,死ぬほど美味いラーメン,毛利小五郎
1566,死ぬほど美味いラーメン,目暮十三
1567,死ぬほど美味いラーメン,高木渉
1568,幽霊ホテルの推理対決,江戸川コナン
1569,幽霊ホテルの推理対決,毛利蘭
1570,幽霊ホテルの推理対決,目暮十三
1571,幽霊ホテルの推理対決,高木渉
1572,幽霊ホテルの推理対決,鈴木園子
1573,幽霊ホテルの推理対決,世良真純
1574,探偵事務所籠城事件,江戸川コナン
1575,探偵事務所籠城事件,毛利蘭
1576,探偵事務所籠城事件,毛利小五郎
1577,探偵事務所籠城事件,阿笠博士
1578,探偵事務所籠城事件,灰原哀
1579,探偵事務所籠城事件,小嶋元太
1580,探偵事務所籠城事件,吉田歩美
1581,探偵事務所籠城事件,円谷光彦
1582,探偵事務所籠城事件,鈴木園子
1583,探偵事務所籠城事件,世良真純
1584,博士の動画サイト,江戸川コナン
1585,博士の動画サイト,阿笠博士
1586,博士の動画サイト,灰原哀
1587,博士の動画サイト,小嶋元太
1588,博士の動画サイト,吉田歩美
1589,博士の動画サイト,円谷光彦
1590,博士の動画サイト,妃英理
1591,博士の動画サイト,沖矢昴
1592,博士の動画サイト,世良真純
1593,コナンVS平次東西探偵推理勝負,江戸川コナン
1594,コナンVS平次東西探偵推理勝負,毛利蘭
1595,コナンVS平次東西探偵推理勝負,毛利小五郎
1596,コナンVS平次東西探偵推理勝負,服部平次
1597,コナンVS平次東西探偵推理勝負,遠山和葉
1598,コナンVS平次東西探偵推理勝負,目暮十三
1599,コナンVS平次東西探偵推理勝負,高木渉
1600,コナンVS平次東西探偵推理勝負,ジョディ
1601,コナンVS平次東西探偵推理勝負,ジェイムズ・ブラック
1602,コナンVS平次東西探偵推理勝負,アンドレ・キャメル
1603,コナンVS平次東西探偵推理勝負,世良真純
1604,毒と幻のデザイン,江戸川コナン
1605,毒と幻のデザイン,毛利蘭
1606,毒と幻のデザイン,毛利小五郎
1607,毒と幻のデザイン,服部平次
1608,毒と幻のデザイン,遠山和葉
1609,毒と幻のデザイン,目暮十三
1610,毒と幻のデザイン,高木渉
1611,毒と幻のデザイン,大和敢助
1612,毒と幻のデザイン,上原由衣
1613,毒と幻のデザイン,諸伏高明
1614,毒と幻のデザイン,世良真純
1615,小五郎さんはいいひと,江戸川コナン
1616,小五郎さんはいいひと,毛利蘭
1617,小五郎さんはいいひと,毛利小五郎
1618,小五郎さんはいいひと,佐藤美和子
1619,小五郎さんはいいひと,高木渉
1620,小五郎さんはいいひと,鈴木園子
1621,小五郎さんはいいひと,世良真純
1622,初恋の共同捜査,江戸川コナン
1623,初恋の共同捜査,阿笠博士
1624,初恋の共同捜査,灰原哀
1625,初恋の共同捜査,小嶋元太
1626,初恋の共同捜査,吉田歩美
1627,初恋の共同捜査,円谷光彦
1628,初恋の共同捜査,佐藤美和子
1629,初恋の共同捜査,高木渉
1630,初恋の共同捜査,宮本由美
1631,初恋の共同捜査,千葉和伸
1632,初恋の共同捜査,三池苗子
1633,ウェディングイブ,江戸川コナン
1634,ウェディングイブ,毛利蘭
1635,ウェディングイブ,毛利小五郎
1636,ウェディングイブ,目暮十三
1637,ウェディングイブ,高木渉
1638,ウェディングイブ,千葉和伸
1639,ウェディングイブ,安室透
1640,探偵たちの夜想曲[ノクターン］[事件／誘拐／推理／バーボン],江戸川コナン
1641,探偵たちの夜想曲[ノクターン］[事件／誘拐／推理／バーボン],毛利蘭
1642,探偵たちの夜想曲[ノクターン］[事件／誘拐／推理／バーボン],毛利小五郎
1643,探偵たちの夜想曲[ノクターン］[事件／誘拐／推理／バーボン],阿笠博士
1644,探偵たちの夜想曲[ノクターン］[事件／誘拐／推理／バーボン],灰原哀
1645,探偵たちの夜想曲[ノクターン］[事件／誘拐／推理／バーボン],目暮十三
1646,探偵たちの夜想曲[ノクターン］[事件／誘拐／推理／バーボン],高木渉
1647,探偵たちの夜想曲[ノクターン］[事件／誘拐／推理／バーボン],ベルモット
1648,探偵たちの夜想曲[ノクターン］[事件／誘拐／推理／バーボン],沖矢昴
1649,探偵たちの夜想曲[ノクターン］[事件／誘拐／推理／バーボン],世良真純
1650,探偵たちの夜想曲[ノクターン］[事件／誘拐／推理／バーボン],安室透
1651,１ミリも許さない,江戸川コナン
1652,１ミリも許さない,毛利蘭
1653,１ミリも許さない,阿笠博士
1654,１ミリも許さない,灰原哀
1655,１ミリも許さない,小嶋元太
1656,１ミリも許さない,吉田歩美
1657,１ミリも許さない,円谷光彦
1658,１ミリも許さない,高木渉
1659,１ミリも許さない,鈴木園子
1660,１ミリも許さない,赤井秀一
1661,１ミリも許さない,沖矢昴
1662,１ミリも許さない,世良真純
1663,１ミリも許さない,安室透
1664,命を賭けた恋愛中継[中継開始／絶体絶命／現場突入],江戸川コナン
1665,命を賭けた恋愛中継[中継開始／絶体絶命／現場突入],阿笠博士
1666,命を賭けた恋愛中継[中継開始／絶体絶命／現場突入],灰原哀
1667,命を賭けた恋愛中継[中継開始／絶体絶命／現場突入],小嶋元太
1668,命を賭けた恋愛中継[中継開始／絶体絶命／現場突入],吉田歩美
1669,命を賭けた恋愛中継[中継開始／絶体絶命／現場突入],円谷光彦
1670,命を賭けた恋愛中継[中継開始／絶体絶命／現場突入],目暮十三
1671,命を賭けた恋愛中継[中継開始／絶体絶命／現場突入],佐藤美和子
1672,命を賭けた恋愛中継[中継開始／絶体絶命／現場突入],高木渉
1673,命を賭けた恋愛中継[中継開始／絶体絶命／現場突入],白鳥任三郎
1674,命を賭けた恋愛中継[中継開始／絶体絶命／現場突入],宮本由美
1675,命を賭けた恋愛中継[中継開始／絶体絶命／現場突入],千葉和伸
1676,命を賭けた恋愛中継[中継開始／絶体絶命／現場突入],三池苗子
1677,命を賭けた恋愛中継[中継開始／絶体絶命／現場突入],安室透
1678,命を賭けた恋愛中継[中継開始／絶体絶命／現場突入],伊達航
1679,泡と湯気と煙,江戸川コナン
1680,泡と湯気と煙,毛利蘭
1681,泡と湯気と煙,毛利小五郎
1682,泡と湯気と煙,阿笠博士
1683,泡と湯気と煙,灰原哀
1684,泡と湯気と煙,小嶋元太
1685,泡と湯気と煙,吉田歩美
1686,泡と湯気と煙,円谷光彦
1687,泡と湯気と煙,目暮十三
1688,泡と湯気と煙,高木渉
1689,泡と湯気と煙,沖矢昴
1690,工藤優作の未解決事件[コールド・ケース],江戸川コナン
1691,工藤優作の未解決事件[コールド・ケース],工藤新一
1692,工藤優作の未解決事件[コールド・ケース],毛利蘭
1693,工藤優作の未解決事件[コールド・ケース],毛利小五郎
1694,工藤優作の未解決事件[コールド・ケース],灰原哀
1695,工藤優作の未解決事件[コールド・ケース],小嶋元太
1696,工藤優作の未解決事件[コールド・ケース],吉田歩美
1697,工藤優作の未解決事件[コールド・ケース],円谷光彦
1698,工藤優作の未解決事件[コールド・ケース],目暮十三
1699,工藤優作の未解決事件[コールド・ケース],高木渉
1700,工藤優作の未解決事件[コールド・ケース],鈴木園子
1701,工藤優作の未解決事件[コールド・ケース],工藤優作
1702,工藤優作の未解決事件[コールド・ケース],沖矢昴
1703,工藤優作の未解決事件[コールド・ケース],世良真純
1704,灰原の秘密に迫る影,江戸川コナン
1705,灰原の秘密に迫る影,毛利蘭
1706,灰原の秘密に迫る影,毛利小五郎
1707,灰原の秘密に迫る影,阿笠博士
1708,灰原の秘密に迫る影,灰原哀
1709,灰原の秘密に迫る影,小嶋元太
1710,灰原の秘密に迫る影,吉田歩美
1711,灰原の秘密に迫る影,円谷光彦
1712,灰原の秘密に迫る影,山村ミサオ
1713,灰原の秘密に迫る影,沖矢昴
1714,灰原の秘密に迫る影,世良真純
1715,灰原の秘密に迫る影,安室透
1716,漆黒の特急[ミステリートレイン][発車／隧道／交差／終点],江戸川コナン
1717,漆黒の特急[ミステリートレイン][発車／隧道／交差／終点],毛利蘭
1718,漆黒の特急[ミステリートレイン][発車／隧道／交差／終点],毛利小五郎
1719,漆黒の特急[ミステリートレイン][発車／隧道／交差／終点],阿笠博士
1720,漆黒の特急[ミステリートレイン][発車／隧道／交差／終点],灰原哀
1721,漆黒の特急[ミステリートレイン][発車／隧道／交差／終点],小嶋元太
1722,漆黒の特急[ミステリートレイン][発車／隧道／交差／終点],吉田歩美
1723,漆黒の特急[ミステリートレイン][発車／隧道／交差／終点],円谷光彦
1724,漆黒の特急[ミステリートレイン][発車／隧道／交差／終点],ジン
1725,漆黒の特急[ミステリートレイン][発車／隧道／交差／終点],ウォッカ
1726,漆黒の特急[ミステリートレイン][発車／隧道／交差／終点],鈴木園子
1727,漆黒の特急[ミステリートレイン][発車／隧道／交差／終点],工藤有希子
1728,漆黒の特急[ミステリートレイン][発車／隧道／交差／終点],怪盗キッド
1729,漆黒の特急[ミステリートレイン][発車／隧道／交差／終点],ベルモット
1730,漆黒の特急[ミステリートレイン][発車／隧道／交差／終点],沖矢昴
1731,漆黒の特急[ミステリートレイン][発車／隧道／交差／終点],世良真純
1732,漆黒の特急[ミステリートレイン][発車／隧道／交差／終点],安室透
1733,漆黒の特急[ミステリートレイン][発車／隧道／交差／終点],鈴木次郎吉
1734,密室にいるコナン／謎解きするバーボン,江戸川コナン
1735,密室にいるコナン／謎解きするバーボン,毛利蘭
1736,密室にいるコナン／謎解きするバーボン,毛利小五郎
1737,密室にいるコナン／謎解きするバーボン,阿笠博士
1738,密室にいるコナン／謎解きするバーボン,灰原哀
1739,密室にいるコナン／謎解きするバーボン,鈴木園子
1740,密室にいるコナン／謎解きするバーボン,工藤有希子
1741,密室にいるコナン／謎解きするバーボン,横溝参悟
1742,密室にいるコナン／謎解きするバーボン,ベルモット
1743,密室にいるコナン／謎解きするバーボン,京極真
1744,密室にいるコナン／謎解きするバーボン,安室透
1745,怪盗キッドと赤面の人魚［ブラッシュマーメイド］,江戸川コナン
1746,怪盗キッドと赤面の人魚［ブラッシュマーメイド］,毛利蘭
1747,怪盗キッドと赤面の人魚［ブラッシュマーメイド］,毛利小五郎
1748,怪盗キッドと赤面の人魚［ブラッシュマーメイド］,鈴木園子
1749,怪盗キッドと赤面の人魚［ブラッシュマーメイド］,怪盗キッド
1750,怪盗キッドと赤面の人魚［ブラッシュマーメイド］,世良真純
1751,怪盗キッドと赤面の人魚［ブラッシュマーメイド］,中森銀三
1752,怪盗キッドと赤面の人魚［ブラッシュマーメイド］,鈴木次郎吉
1753,みんなが見ていた,江戸川コナン
1754,みんなが見ていた,毛利蘭
1755,みんなが見ていた,毛利小五郎
1756,みんなが見ていた,服部平次
1757,みんなが見ていた,遠山和葉
1758,みんなが見ていた,目暮十三
1759,みんなが見ていた,高木渉
1760,服部平次と吸血鬼館,江戸川コナン
1761,服部平次と吸血鬼館,毛利蘭
1762,服部平次と吸血鬼館,毛利小五郎
1763,服部平次と吸血鬼館,服部平次
1764,服部平次と吸血鬼館,遠山和葉
1765,服部平次と吸血鬼館,山村ミサオ
1766,甘く冷たい宅配便,江戸川コナン
1767,甘く冷たい宅配便,阿笠博士
1768,甘く冷たい宅配便,灰原哀
1769,甘く冷たい宅配便,小嶋元太
1770,甘く冷たい宅配便,吉田歩美
1771,甘く冷たい宅配便,円谷光彦
1772,甘く冷たい宅配便,目暮十三
1773,甘く冷たい宅配便,高木渉
1774,甘く冷たい宅配便,沖矢昴
1775,甘く冷たい宅配便,安室透
1776,甘く冷たい宅配便,榎本梓
1777,果実が詰まった宝箱,江戸川コナン
1778,果実が詰まった宝箱,毛利蘭
1779,果実が詰まった宝箱,毛利小五郎
1780,果実が詰まった宝箱,目暮十三
1781,果実が詰まった宝箱,高木渉
1782,果実が詰まった宝箱,鈴木園子
1783,果実が詰まった宝箱,千葉和伸
1784,果実が詰まった宝箱,世良真純
1785,果実が詰まった宝箱,沖野ヨーコ
1786,現場の隣人は元カレ,江戸川コナン
1787,現場の隣人は元カレ,灰原哀
1788,現場の隣人は元カレ,小嶋元太
1789,現場の隣人は元カレ,吉田歩美
1790,現場の隣人は元カレ,円谷光彦
1791,現場の隣人は元カレ,目暮十三
1792,現場の隣人は元カレ,高木渉
1793,現場の隣人は元カレ,宮本由美
1794,現場の隣人は元カレ,千葉和伸
1795,現場の隣人は元カレ,三池苗子
1796,現場の隣人は元カレ,羽田秀𠮷
1797,ジョディの追憶とお花見の罠,江戸川コナン
1798,ジョディの追憶とお花見の罠,阿笠博士
1799,ジョディの追憶とお花見の罠,灰原哀
1800,ジョディの追憶とお花見の罠,小嶋元太
1801,ジョディの追憶とお花見の罠,吉田歩美
1802,ジョディの追憶とお花見の罠,円谷光彦
1803,ジョディの追憶とお花見の罠,目暮十三
1804,ジョディの追憶とお花見の罠,高木渉
1805,ジョディの追憶とお花見の罠,ジョディ
1806,ジョディの追憶とお花見の罠,ベルモット
1807,ジョディの追憶とお花見の罠,赤井秀一
1808,ジョディの追憶とお花見の罠,アンドレ・キャメル
1809,ジョディの追憶とお花見の罠,安室透
1810,小五郎はＢＡＲにいる,江戸川コナン
1811,小五郎はＢＡＲにいる,毛利小五郎
1812,小五郎はＢＡＲにいる,目暮十三
1813,小五郎はＢＡＲにいる,高木渉
1814,小五郎はＢＡＲにいる,ジョディ
1815,蘭も倒れたバスルーム,江戸川コナン
1816,蘭も倒れたバスルーム,毛利蘭
1817,蘭も倒れたバスルーム,阿笠博士
1818,蘭も倒れたバスルーム,灰原哀
1819,蘭も倒れたバスルーム,妃英理
1820,蘭も倒れたバスルーム,ジョディ
1821,蘭も倒れたバスルーム,横溝重悟
1822,蘭も倒れたバスルーム,世良真純
1823,蘭も倒れたバスルーム,安室透
1824,容疑者か京極真,江戸川コナン
1825,容疑者か京極真,毛利蘭
1826,容疑者か京極真,毛利小五郎
1827,容疑者か京極真,鈴木園子
1828,容疑者か京極真,山村ミサオ
1829,容疑者か京極真,京極真
1830,容疑者か京極真,世良真純
1831,怪盗キッドＶＳ京極真,江戸川コナン
1832,怪盗キッドＶＳ京極真,毛利蘭
1833,怪盗キッドＶＳ京極真,鈴木園子
1834,怪盗キッドＶＳ京極真,怪盗キッド
1835,怪盗キッドＶＳ京極真,京極真
1836,怪盗キッドＶＳ京極真,中森銀三
1837,怪盗キッドＶＳ京極真,鈴木次郎吉
1838,招き三毛猫の事件,江戸川コナン
1839,招き三毛猫の事件,毛利蘭
1840,招き三毛猫の事件,毛利小五郎
1841,招き三毛猫の事件,阿笠博士
1842,招き三毛猫の事件,灰原哀
1843,招き三毛猫の事件,小嶋元太
1844,招き三毛猫の事件,吉田歩美
1845,招き三毛猫の事件,円谷光彦
1846,招き三毛猫の事件,目暮十三
1847,招き三毛猫の事件,佐藤美和子
1848,招き三毛猫の事件,高木渉
1849,招き三毛猫の事件,妃英理
1850,招き三毛猫の事件,安室透
1851,招き三毛猫の事件,榎本梓
1852,本庁の刑事恋物語[告白／真相],江戸川コナン
1853,本庁の刑事恋物語[告白／真相],灰原哀
1854,本庁の刑事恋物語[告白／真相],小嶋元太
1855,本庁の刑事恋物語[告白／真相],吉田歩美
1856,本庁の刑事恋物語[告白／真相],円谷光彦
1857,本庁の刑事恋物語[告白／真相],佐藤美和子
1858,本庁の刑事恋物語[告白／真相],高木渉
1859,本庁の刑事恋物語[告白／真相],宮本由美
1860,本庁の刑事恋物語[告白／真相],千葉和伸
1861,本庁の刑事恋物語[告白／真相],三池苗子
1862,赤い女の惨劇［湯煙／悪霊／復讐］,江戸川コナン
1863,赤い女の惨劇［湯煙／悪霊／復讐］,毛利蘭
1864,赤い女の惨劇［湯煙／悪霊／復讐］,鈴木園子
1865,赤い女の惨劇［湯煙／悪霊／復讐］,世良真純
1866,赤い女の惨劇［湯煙／悪霊／復讐］,大和敢助
1867,赤い女の惨劇［湯煙／悪霊／復讐］,上原由衣
1868,赤い女の惨劇［湯煙／悪霊／復讐］,諸伏高明
1869,意外な結果の恋愛小説,江戸川コナン
1870,意外な結果の恋愛小説,毛利蘭
1871,意外な結果の恋愛小説,目暮十三
1872,意外な結果の恋愛小説,高木渉
1873,意外な結果の恋愛小説,鈴木園子
1874,意外な結果の恋愛小説,世良真純
1875,意外な結果の恋愛小説,領域外の妹
1876,コナンと平次恋の暗号,江戸川コナン
1877,コナンと平次恋の暗号,服部平次
1878,コナンと平次恋の暗号,遠山和葉
1879,コナンと平次恋の暗号,灰原哀
1880,コナンと平次恋の暗号,小嶋元太
1881,コナンと平次恋の暗号,吉田歩美
1882,コナンと平次恋の暗号,円谷光彦
1883,工藤新一水族館事件,江戸川コナン
1884,工藤新一水族館事件,工藤新一
1885,工藤新一水族館事件,毛利蘭
1886,工藤新一水族館事件,阿笠博士
1887,工藤新一水族館事件,灰原哀
1888,工藤新一水族館事件,小嶋元太
1889,工藤新一水族館事件,吉田歩美
1890,工藤新一水族館事件,円谷光彦
1891,工藤新一水族館事件,目暮十三
1892,堤無津川凧揚げ事件,江戸川コナン
1893,堤無津川凧揚げ事件,毛利蘭
1894,堤無津川凧揚げ事件,毛利小五郎
1895,堤無津川凧揚げ事件,阿笠博士
1896,堤無津川凧揚げ事件,灰原哀
1897,堤無津川凧揚げ事件,小嶋元太
1898,堤無津川凧揚げ事件,吉田歩美
1899,堤無津川凧揚げ事件,円谷光彦
1900,堤無津川凧揚げ事件,目暮十三
1901,堤無津川凧揚げ事件,高木渉
1902,堤無津川凧揚げ事件,沖野ヨーコ
1903,ギスギスしたお茶会,江戸川コナン
1904,ギスギスしたお茶会,毛利蘭
1905,ギスギスしたお茶会,毛利小五郎
1906,ギスギスしたお茶会,目暮十三
1907,ギスギスしたお茶会,高木渉
1908,ギスギスしたお茶会,妃英理
1909,ギスギスしたお茶会,安室透
1910,緋色シリーズ［序章／追求］,江戸川コナン
1911,緋色シリーズ［序章／追求］,灰原哀
1912,緋色シリーズ［序章／追求］,小嶋元太
1913,緋色シリーズ［序章／追求］,吉田歩美
1914,緋色シリーズ［序章／追求］,円谷光彦
1915,緋色シリーズ［序章／追求］,目暮十三
1916,緋色シリーズ［序章／追求］,高木渉
1917,緋色シリーズ［序章／追求］,ジョディ
1918,緋色シリーズ［序章／追求］,ベルモット
1919,緋色シリーズ［序章／追求］,赤井秀一
1920,緋色シリーズ［序章／追求］,アンドレ・キャメル
1921,緋色シリーズ［序章／追求］,安室透
1922,緋色シリーズ［交錯／帰還／真相］,江戸川コナン
1923,緋色シリーズ［交錯／帰還／真相］,毛利蘭
1924,緋色シリーズ［交錯／帰還／真相］,毛利小五郎
1925,緋色シリーズ［交錯／帰還／真相］,灰原哀
1926,緋色シリーズ［交錯／帰還／真相］,小嶋元太
1927,緋色シリーズ［交錯／帰還／真相］,吉田歩美
1928,緋色シリーズ［交錯／帰還／真相］,円谷光彦
1929,緋色シリーズ［交錯／帰還／真相］,ジョディ
1930,緋色シリーズ［交錯／帰還／真相］,ジン
1931,緋色シリーズ［交錯／帰還／真相］,ウォッカ
1932,緋色シリーズ［交錯／帰還／真相］,工藤優作
1933,緋色シリーズ［交錯／帰還／真相］,工藤有希子
1934,緋色シリーズ［交錯／帰還／真相］,ベルモット
1935,緋色シリーズ［交錯／帰還／真相］,赤井秀一
1936,緋色シリーズ［交錯／帰還／真相］,ジェイムズ・ブラック
1937,緋色シリーズ［交錯／帰還／真相］,アンドレ・キャメル
1938,緋色シリーズ［交錯／帰還／真相］,水無怜奈
1939,緋色シリーズ［交錯／帰還／真相］,沖矢昴
1940,太閤恋する名人戦,江戸川コナン
1941,太閤恋する名人戦,阿笠博士
1942,太閤恋する名人戦,灰原哀
1943,太閤恋する名人戦,小嶋元太
1944,太閤恋する名人戦,吉田歩美
1945,太閤恋する名人戦,円谷光彦
1946,太閤恋する名人戦,佐藤美和子
1947,太閤恋する名人戦,宮本由美
1948,太閤恋する名人戦,三池苗子
1949,太閤恋する名人戦,沖矢昴
1950,太閤恋する名人戦,世良真純
1951,太閤恋する名人戦,羽田秀𠮷
1952,太閤恋する名人戦,領域外の妹
1953,真夏のプールに沈む謎,江戸川コナン
1954,真夏のプールに沈む謎,毛利蘭
1955,真夏のプールに沈む謎,目暮十三
1956,真夏のプールに沈む謎,高木渉
1957,真夏のプールに沈む謎,鈴木園子
1958,真夏のプールに沈む謎,世良真純
1959,真夏のプールに沈む謎,領域外の妹
1960,三人の第一発見者,江戸川コナン
1961,三人の第一発見者,灰原哀
1962,三人の第一発見者,小嶋元太
1963,三人の第一発見者,吉田歩美
1964,三人の第一発見者,円谷光彦
1965,三人の第一発見者,目暮十三
1966,三人の第一発見者,高木渉
1967,三人の第一発見者,水無怜奈
1968,かまいたちの宿,江戸川コナン
1969,かまいたちの宿,毛利蘭
1970,かまいたちの宿,毛利小五郎
1971,かまいたちの宿,服部平次
1972,かまいたちの宿,遠山和葉
1973,かまいたちの宿,阿笠博士
1974,かまいたちの宿,灰原哀
1975,かまいたちの宿,山村ミサオ
1976,かまいたちの宿,大和敢助
1977,県警の黒い闇,江戸川コナン
1978,県警の黒い闇,毛利蘭
1979,県警の黒い闇,毛利小五郎
1980,県警の黒い闇,服部平次
1981,県警の黒い闇,遠山和葉
1982,県警の黒い闇,山村ミサオ
1983,県警の黒い闇,大和敢助
1984,県警の黒い闇,上原由衣
1985,県警の黒い闇,諸伏高明
1986,県警の黒い闇,黒田兵衛
1987,県警の黒い闇,沖野ヨーコ
1988,ブログ女優の密室事件,江戸川コナン
1989,ブログ女優の密室事件,毛利蘭
1990,ブログ女優の密室事件,阿笠博士
1991,ブログ女優の密室事件,灰原哀
1992,ブログ女優の密室事件,小嶋元太
1993,ブログ女優の密室事件,吉田歩美
1994,ブログ女優の密室事件,円谷光彦
1995,ブログ女優の密室事件,目暮十三
1996,ブログ女優の密室事件,高木渉
1997,ブログ女優の密室事件,黒田兵衛
1998,サクラ組の思い出（蘭GIRL／新一BOY）,江戸川コナン
1999,サクラ組の思い出（蘭GIRL／新一BOY）,工藤新一
2000,サクラ組の思い出（蘭GIRL／新一BOY）,毛利蘭
2001,サクラ組の思い出（蘭GIRL／新一BOY）,毛利小五郎
2002,サクラ組の思い出（蘭GIRL／新一BOY）,目暮十三
2003,サクラ組の思い出（蘭GIRL／新一BOY）,鈴木園子
2004,サクラ組の思い出（蘭GIRL／新一BOY）,工藤優作
2005,サクラ組の思い出（蘭GIRL／新一BOY）,工藤有希子
2006,サクラ組の思い出（蘭GIRL／新一BOY）,妃英理
2007,サクラ組の思い出（蘭GIRL／新一BOY）,世良真純
2008,容疑者は熱愛カップル,江戸川コナン
2009,容疑者は熱愛カップル,毛利蘭
2010,容疑者は熱愛カップル,毛利小五郎
2011,容疑者は熱愛カップル,灰原哀
2012,容疑者は熱愛カップル,小嶋元太
2013,容疑者は熱愛カップル,吉田歩美
2014,容疑者は熱愛カップル,円谷光彦
2015,容疑者は熱愛カップル,目暮十三
2016,容疑者は熱愛カップル,高木渉
2017,容疑者は熱愛カップル,黒田兵衛
2018,容疑者は熱愛カップル,沖野ヨーコ
2019,死ぬほど美味いラーメン２,江戸川コナン
2020,死ぬほど美味いラーメン２,毛利蘭
2021,死ぬほど美味いラーメン２,佐藤美和子
2022,死ぬほど美味いラーメン２,高木渉
2023,死ぬほど美味いラーメン２,鈴木園子
2024,死ぬほど美味いラーメン２,宮本由美
2025,死ぬほど美味いラーメン２,三池苗子
2026,死ぬほど美味いラーメン２,世良真純
2027,死ぬほど美味いラーメン２,羽田秀𠮷
2028,死ぬほど美味いラーメン２,領域外の妹
2029,ゾンビが囲む別荘,江戸川コナン
2030,ゾンビが囲む別荘,毛利蘭
2031,ゾンビが囲む別荘,毛利小五郎
2032,ゾンビが囲む別荘,服部平次
2033,ゾンビが囲む別荘,遠山和葉
2034,ゾンビが囲む別荘,山村ミサオ
2035,ゾンビが囲む別荘,沖野ヨーコ
2036,仲の悪いガールズバンド,江戸川コナン
2037,仲の悪いガールズバンド,毛利蘭
2038,仲の悪いガールズバンド,目暮十三
2039,仲の悪いガールズバンド,高木渉
2040,仲の悪いガールズバンド,鈴木園子
2041,仲の悪いガールズバンド,赤井秀一
2042,仲の悪いガールズバンド,世良真純
2043,仲の悪いガールズバンド,安室透
2044,仲の悪いガールズバンド,スコッチ
2045,仲の悪いガールズバンド,榎本梓
2046,探偵団はヤブの中,江戸川コナン
2047,探偵団はヤブの中,阿笠博士
2048,探偵団はヤブの中,灰原哀
2049,探偵団はヤブの中,小嶋元太
2050,探偵団はヤブの中,吉田歩美
2051,探偵団はヤブの中,円谷光彦
2052,探偵団はヤブの中,目暮十三
2053,探偵団はヤブの中,高木渉
2054,探偵団はヤブの中,千葉和伸
2055,千葉のUFO難事件,江戸川コナン
2056,千葉のUFO難事件,毛利蘭
2057,千葉のUFO難事件,毛利小五郎
2058,千葉のUFO難事件,目暮十三
2059,千葉のUFO難事件,佐藤美和子
2060,千葉のUFO難事件,高木渉
2061,千葉のUFO難事件,白鳥任三郎
2062,千葉のUFO難事件,宮本由美
2063,千葉のUFO難事件,千葉和伸
2064,千葉のUFO難事件,三池苗子
2065,婚姻届のパスワード,江戸川コナン
2066,婚姻届のパスワード,灰原哀
2067,婚姻届のパスワード,小嶋元太
2068,婚姻届のパスワード,吉田歩美
2069,婚姻届のパスワード,円谷光彦
2070,婚姻届のパスワード,佐藤美和子
2071,婚姻届のパスワード,宮本由美
2072,婚姻届のパスワード,羽田秀𠮷
2073,17年前と同じ現場,江戸川コナン
2074,17年前と同じ現場,阿笠博士
2075,17年前と同じ現場,灰原哀
2076,17年前と同じ現場,目暮十三
2077,17年前と同じ現場,高木渉
2078,17年前と同じ現場,ジョディ
2079,17年前と同じ現場,千葉和伸
2080,17年前と同じ現場,赤井秀一
2081,17年前と同じ現場,沖矢昴
2082,17年前と同じ現場,アンドレ・キャメル
2083,霊魂探偵殺害事件,江戸川コナン
2084,霊魂探偵殺害事件,毛利小五郎
2085,霊魂探偵殺害事件,目暮十三
2086,霊魂探偵殺害事件,高木渉
2087,霊魂探偵殺害事件,ジン
2088,霊魂探偵殺害事件,ウォッカ
2089,霊魂探偵殺害事件,世良真純
2090,霊魂探偵殺害事件,領域外の妹
2091,裏切りのステージ,江戸川コナン
2092,裏切りのステージ,毛利蘭
2093,裏切りのステージ,目暮十三
2094,裏切りのステージ,高木渉
2095,裏切りのステージ,鈴木園子
2096,裏切りのステージ,ベルモット
2097,裏切りのステージ,赤井秀一
2098,裏切りのステージ,沖矢昴
2099,裏切りのステージ,安室透
2100,裏切りのステージ,スコッチ
2101,コナンと平次の鵺伝説,江戸川コナン
2102,コナンと平次の鵺伝説,毛利蘭
2103,コナンと平次の鵺伝説,毛利小五郎
2104,コナンと平次の鵺伝説,服部平次
2105,コナンと平次の鵺伝説,遠山和葉
2106,コナンと平次の鵺伝説,鈴木園子
2107,コナンと平次の鵺伝説,横溝参悟
2108,コナンと平次の鵺伝説,安室透
2109,コナンと平次の鵺伝説,榎本梓
2110,コナンと平次の鵺伝説,大岡紅葉
2111,怪盗キッドの絡繰箱,江戸川コナン
2112,怪盗キッドの絡繰箱,毛利蘭
2113,怪盗キッドの絡繰箱,毛利小五郎
2114,怪盗キッドの絡繰箱,阿笠博士
2115,怪盗キッドの絡繰箱,灰原哀
2116,怪盗キッドの絡繰箱,鈴木園子
2117,怪盗キッドの絡繰箱,怪盗キッド
2118,怪盗キッドの絡繰箱,沖矢昴
2119,怪盗キッドの絡繰箱,中森銀三
2120,怪盗キッドの絡繰箱,鈴木次郎吉
2121,新任教師の骸骨事件,江戸川コナン
2122,新任教師の骸骨事件,毛利蘭
2123,新任教師の骸骨事件,阿笠博士
2124,新任教師の骸骨事件,灰原哀
2125,新任教師の骸骨事件,小嶋元太
2126,新任教師の骸骨事件,吉田歩美
2127,新任教師の骸骨事件,円谷光彦
2128,新任教師の骸骨事件,白鳥任三郎
2129,新任教師の骸骨事件,小林澄子
2130,新任教師の骸骨事件,若狭留美
2131,試着室の死角,江戸川コナン
2132,試着室の死角,毛利蘭
2133,試着室の死角,目暮十三
2134,試着室の死角,高木渉
2135,試着室の死角,鈴木園子
2136,試着室の死角,工藤有希子
2137,試着室の死角,世良真純
2138,さざ波の魔法使い,江戸川コナン
2139,さざ波の魔法使い,工藤新一
2140,さざ波の魔法使い,毛利蘭
2141,さざ波の魔法使い,鈴木園子
2142,さざ波の魔法使い,工藤優作
2143,さざ波の魔法使い,工藤有希子
2144,さざ波の魔法使い,赤井秀一
2145,さざ波の魔法使い,世良真純
2146,さざ波の魔法使い,羽田秀𠮷
2147,さざ波の魔法使い,メアリー
2148,となりの江戸前推理ショー,江戸川コナン
2149,となりの江戸前推理ショー,毛利蘭
2150,となりの江戸前推理ショー,毛利小五郎
2151,となりの江戸前推理ショー,脇田兼則
2152,白い手の女,江戸川コナン
2153,白い手の女,工藤新一
2154,白い手の女,毛利蘭
2155,白い手の女,灰原哀
2156,白い手の女,小嶋元太
2157,白い手の女,吉田歩美
2158,白い手の女,円谷光彦
2159,白い手の女,目暮十三
2160,白い手の女,高木渉
2161,白い手の女,鈴木園子
2162,白い手の女,工藤優作
2163,白い手の女,工藤有希子
2164,白い手の女,小林澄子
2165,白い手の女,黒田兵衛
2166,白い手の女,脇田兼則
2167,白い手の女,若狭留美
2168,謎解きは喫茶ポアロで,江戸川コナン
2169,謎解きは喫茶ポアロで,毛利蘭
2170,謎解きは喫茶ポアロで,毛利小五郎
2171,謎解きは喫茶ポアロで,服部平次
2172,謎解きは喫茶ポアロで,遠山和葉
2173,謎解きは喫茶ポアロで,目暮十三
2174,謎解きは喫茶ポアロで,高木渉
2175,謎解きは喫茶ポアロで,安室透
2176,謎解きは喫茶ポアロで,榎本梓
2177,謎解きは喫茶ポアロで,大岡紅葉
2178,謎解きは喫茶ポアロで,伊織無我
2179,妃弁護士ＳＯＳ,江戸川コナン
2180,妃弁護士ＳＯＳ,毛利蘭
2181,妃弁護士ＳＯＳ,毛利小五郎
2182,妃弁護士ＳＯＳ,高木渉
2183,妃弁護士ＳＯＳ,妃英理
2184,燃えるテントの怪,江戸川コナン
2185,燃えるテントの怪,阿笠博士
2186,燃えるテントの怪,灰原哀
2187,燃えるテントの怪,小嶋元太
2188,燃えるテントの怪,吉田歩美
2189,燃えるテントの怪,円谷光彦
2190,燃えるテントの怪,白鳥任三郎
2191,燃えるテントの怪,工藤有希子
2192,燃えるテントの怪,小林澄子
2193,燃えるテントの怪,黒田兵衛
2194,燃えるテントの怪,若狭留美
2195,恋と推理の剣道大会,江戸川コナン
2196,恋と推理の剣道大会,毛利蘭
2197,恋と推理の剣道大会,服部平次
2198,恋と推理の剣道大会,遠山和葉
2199,恋と推理の剣道大会,佐藤美和子
2200,恋と推理の剣道大会,高木渉
2201,恋と推理の剣道大会,大岡紅葉
2202,恋と推理の剣道大会,伊織無我
2203,恋と推理の剣道大会,沖田総司
2204,ＪＫトリオ秘密のカフェ,江戸川コナン
2205,ＪＫトリオ秘密のカフェ,毛利蘭
2206,ＪＫトリオ秘密のカフェ,毛利小五郎
2207,ＪＫトリオ秘密のカフェ,高木渉
2208,ＪＫトリオ秘密のカフェ,鈴木園子
2209,ＪＫトリオ秘密のカフェ,世良真純
2210,ＪＫトリオ秘密のカフェ,沖田総司
2211,心のこもったストラップ,江戸川コナン
2212,心のこもったストラップ,阿笠博士
2213,心のこもったストラップ,灰原哀
2214,心のこもったストラップ,小嶋元太
2215,心のこもったストラップ,吉田歩美
2216,心のこもったストラップ,円谷光彦
2217,心のこもったストラップ,沖矢昴
2218,心のこもったストラップ,安室透
2219,心のこもったストラップ,風見裕也
2220,紅の修学旅行,江戸川コナン
2221,紅の修学旅行,工藤新一
2222,紅の修学旅行,毛利蘭
2223,紅の修学旅行,服部平次
2224,紅の修学旅行,遠山和葉
2225,紅の修学旅行,阿笠博士
2226,紅の修学旅行,灰原哀
2227,紅の修学旅行,小嶋元太
2228,紅の修学旅行,吉田歩美
2229,紅の修学旅行,円谷光彦
2230,紅の修学旅行,鈴木園子
2231,紅の修学旅行,工藤優作
2232,紅の修学旅行,工藤有希子
2233,紅の修学旅行,世良真純
2234,紅の修学旅行,メアリー
2235,紅の修学旅行,黒田兵衛
2236,紅の修学旅行,若狭留美
2237,紅の修学旅行,脇田兼則
2238,紅の修学旅行,大岡紅葉
2239,紅の修学旅行,沖田総司
2240,マリアちゃんをさがせ！,江戸川コナン
2241,マリアちゃんをさがせ！,工藤新一
2242,マリアちゃんをさがせ！,毛利蘭
2243,マリアちゃんをさがせ！,毛利小五郎
2244,マリアちゃんをさがせ！,服部平次
2245,マリアちゃんをさがせ！,阿笠博士
2246,マリアちゃんをさがせ！,灰原哀
2247,マリアちゃんをさがせ！,小嶋元太
2248,マリアちゃんをさがせ！,吉田歩美
2249,マリアちゃんをさがせ！,円谷光彦
2250,マリアちゃんをさがせ！,ジン
2251,マリアちゃんをさがせ！,ウォッカ
2252,マリアちゃんをさがせ！,鈴木園子
2253,マリアちゃんをさがせ！,工藤優作
2254,マリアちゃんをさがせ！,工藤有希子
2255,マリアちゃんをさがせ！,ベルモット
2256,マリアちゃんをさがせ！,小林澄子
2257,マリアちゃんをさがせ！,キャンティ
2258,マリアちゃんをさがせ！,コルン
2259,マリアちゃんをさがせ！,世良真純
2260,マリアちゃんをさがせ！,沖矢昴
2261,マリアちゃんをさがせ！,安室透
2262,マリアちゃんをさがせ！,若狭留美
2263,マリアちゃんをさがせ！,脇田兼則
2264,マリアちゃんをさがせ！,黒田兵衛
2265,マリアちゃんをさがせ！,榎本梓
2266,マリアちゃんをさがせ！,沖田総司
2267,迷宮カクテル,江戸川コナン
2268,迷宮カクテル,工藤新一
2269,迷宮カクテル,毛利蘭
2270,迷宮カクテル,毛利小五郎
2271,迷宮カクテル,目暮十三
2272,迷宮カクテル,高木渉
2273,迷宮カクテル,鈴木園子
2274,迷宮カクテル,工藤優作
2275,迷宮カクテル,工藤有希子
2276,迷宮カクテル,赤井秀一
2277,迷宮カクテル,安室透
2278,迷宮カクテル,沖矢昴
2279,標的（ターゲット）は警視庁交通部,江戸川コナン
2280,標的（ターゲット）は警視庁交通部,灰原哀
2281,標的（ターゲット）は警視庁交通部,小嶋元太
2282,標的（ターゲット）は警視庁交通部,吉田歩美
2283,標的（ターゲット）は警視庁交通部,円谷光彦
2284,標的（ターゲット）は警視庁交通部,佐藤美和子
2285,標的（ターゲット）は警視庁交通部,高木渉
2286,標的（ターゲット）は警視庁交通部,白鳥任三郎
2287,標的（ターゲット）は警視庁交通部,工藤優作
2288,標的（ターゲット）は警視庁交通部,工藤有希子
2289,標的（ターゲット）は警視庁交通部,宮本由美
2290,標的（ターゲット）は警視庁交通部,千葉和伸
2291,標的（ターゲット）は警視庁交通部,三池苗子
2292,標的（ターゲット）は警視庁交通部,赤井秀一
2293,標的（ターゲット）は警視庁交通部,沖矢昴
2294,標的（ターゲット）は警視庁交通部,安室透
2295,標的（ターゲット）は警視庁交通部,羽田秀𠮷
2296,標的（ターゲット）は警視庁交通部,黒田兵衛
2297,標的（ターゲット）は警視庁交通部,榎本梓
2298,キッドＶＳ高明狙われた唇,江戸川コナン
2299,キッドＶＳ高明狙われた唇,工藤新一
2300,キッドＶＳ高明狙われた唇,毛利蘭
2301,キッドＶＳ高明狙われた唇,毛利小五郎
2302,キッドＶＳ高明狙われた唇,服部平次
2303,キッドＶＳ高明狙われた唇,遠山和葉
2304,キッドＶＳ高明狙われた唇,佐藤美和子
2305,キッドＶＳ高明狙われた唇,高木渉
2306,キッドＶＳ高明狙われた唇,怪盗キッド
2307,キッドＶＳ高明狙われた唇,安室透
2308,キッドＶＳ高明狙われた唇,諸伏高明
2309,キッドＶＳ高明狙われた唇,大和敢助
2310,キッドＶＳ高明狙われた唇,上原由衣
2311,キッドＶＳ高明狙われた唇,伊達航
2312,キッドＶＳ高明狙われた唇,松田陣平
2313,キッドＶＳ高明狙われた唇,諸伏景光
2314,キッドＶＳ高明狙われた唇,萩原研二
2315,キッドＶＳ高明狙われた唇,中森銀三
2316,キッドＶＳ高明狙われた唇,鈴木次郎吉
2317,代役・京極真,江戸川コナン
2318,代役・京極真,毛利蘭
2319,代役・京極真,阿笠博士
2320,代役・京極真,灰原哀
2321,代役・京極真,小嶋元太
2322,代役・京極真,吉田歩美
2323,代役・京極真,円谷光彦
2324,代役・京極真,目暮十三
2325,代役・京極真,高木渉
2326,代役・京極真,鈴木園子
2327,代役・京極真,京極真
2328,代役・京極真,世良真純
2329,代役・京極真,メアリー
2330,36マスの完全犯罪(パーフェクトゲーム),江戸川コナン
2331,36マスの完全犯罪(パーフェクトゲーム),毛利蘭
2332,36マスの完全犯罪(パーフェクトゲーム),毛利小五郎
2333,36マスの完全犯罪(パーフェクトゲーム),鈴木園子
2334,36マスの完全犯罪(パーフェクトゲーム),安室透
2335,36マスの完全犯罪(パーフェクトゲーム),脇田兼則
2336,36マスの完全犯罪(パーフェクトゲーム),大和敢助
2337,36マスの完全犯罪(パーフェクトゲーム),上原由衣
2338,36マスの完全犯罪(パーフェクトゲーム),諸伏高明
2339,36マスの完全犯罪(パーフェクトゲーム),黒田兵衛
2340,36マスの完全犯罪(パーフェクトゲーム),諸伏景光
2341,36マスの完全犯罪(パーフェクトゲーム),榎本梓
2342,山菜狩りとクローバー,江戸川コナン
2343,山菜狩りとクローバー,灰原哀
2344,山菜狩りとクローバー,小嶋元太
2345,山菜狩りとクローバー,吉田歩美
2346,山菜狩りとクローバー,円谷光彦
2347,山菜狩りとクローバー,山村ミサオ
2348,山菜狩りとクローバー,小林澄子
2349,山菜狩りとクローバー,若狭留美
2350,骨董盆は隠せない,江戸川コナン
2351,骨董盆は隠せない,阿笠博士
2352,骨董盆は隠せない,灰原哀
2353,骨董盆は隠せない,小嶋元太
2354,骨董盆は隠せない,吉田歩美
2355,骨董盆は隠せない,円谷光彦
2356,骨董盆は隠せない,目暮十三
2357,骨董盆は隠せない,高木渉
2358,骨董盆は隠せない,ジン
2359,骨董盆は隠せない,ウォッカ
2360,骨董盆は隠せない,ベルモット
2361,骨董盆は隠せない,千葉和伸
2362,骨董盆は隠せない,キャンティ
2363,骨董盆は隠せない,コルン
2364,骨董盆は隠せない,世良真純
2365,骨董盆は隠せない,赤井秀一
2366,骨董盆は隠せない,沖矢昴
2367,骨董盆は隠せない,メアリー
2368,骨董盆は隠せない,羽田秀𠮷
2369,大岡紅葉の挑戦状,江戸川コナン
2370,大岡紅葉の挑戦状,工藤新一
2371,大岡紅葉の挑戦状,毛利蘭
2372,大岡紅葉の挑戦状,毛利小五郎
2373,大岡紅葉の挑戦状,服部平次
2374,大岡紅葉の挑戦状,遠山和葉
2375,大岡紅葉の挑戦状,阿笠博士
2376,大岡紅葉の挑戦状,灰原哀
2377,大岡紅葉の挑戦状,小嶋元太
2378,大岡紅葉の挑戦状,吉田歩美
2379,大岡紅葉の挑戦状,円谷光彦
2380,大岡紅葉の挑戦状,目暮十三
2381,大岡紅葉の挑戦状,高木渉
2382,大岡紅葉の挑戦状,赤井秀一
2383,大岡紅葉の挑戦状,世良真純
2384,大岡紅葉の挑戦状,羽田秀𠮷
2385,大岡紅葉の挑戦状,大岡紅葉
2386,大岡紅葉の挑戦状,伊織無我
2387,太閤名人の将棋盤［初手編／妙手編／王手編］,江戸川コナン
2388,太閤名人の将棋盤［初手編／妙手編／王手編］,灰原哀
2389,太閤名人の将棋盤［初手編／妙手編／王手編］,小嶋元太
2390,太閤名人の将棋盤［初手編／妙手編／王手編］,吉田歩美
2391,太閤名人の将棋盤［初手編／妙手編／王手編］,円谷光彦
2392,太閤名人の将棋盤［初手編／妙手編／王手編］,佐藤美和子
2393,太閤名人の将棋盤［初手編／妙手編／王手編］,高木渉
2394,太閤名人の将棋盤［初手編／妙手編／王手編］,ジン
2395,太閤名人の将棋盤［初手編／妙手編／王手編］,ウォッカ
2396,太閤名人の将棋盤［初手編／妙手編／王手編］,工藤優作
2397,太閤名人の将棋盤［初手編／妙手編／王手編］,工藤有希子
2398,太閤名人の将棋盤［初手編／妙手編／王手編］,宮本由美
2399,太閤名人の将棋盤［初手編／妙手編／王手編］,千葉和伸
2400,太閤名人の将棋盤［初手編／妙手編／王手編］,ベルモット
2401,太閤名人の将棋盤［初手編／妙手編／王手編］,キャンティ
2402,太閤名人の将棋盤［初手編／妙手編／王手編］,コルン
2403,太閤名人の将棋盤［初手編／妙手編／王手編］,赤井秀一
2404,太閤名人の将棋盤［初手編／妙手編／王手編］,三池苗子
2405,太閤名人の将棋盤［初手編／妙手編／王手編］,世良真純
2406,太閤名人の将棋盤［初手編／妙手編／王手編］,メアリー
2407,太閤名人の将棋盤［初手編／妙手編／王手編］,羽田秀𠮷
2408,天罰くだる誕生パーティー,江戸川コナン
2409,天罰くだる誕生パーティー,工藤新一
2410,天罰くだる誕生パーティー,毛利蘭
2411,天罰くだる誕生パーティー,毛利小五郎
2412,天罰くだる誕生パーティー,目暮十三
2413,天罰くだる誕生パーティー,高木渉
2414,天罰くだる誕生パーティー,鈴木園子
2415,天罰くだる誕生パーティー,千葉和伸
2416,天罰くだる誕生パーティー,ベルモット
2417,天罰くだる誕生パーティー,赤井秀一
2418,天罰くだる誕生パーティー,世良真純
2419,天罰くだる誕生パーティー,メアリー
2420,牧場に墜ちた火種,江戸川コナン
2421,牧場に墜ちた火種,灰原哀
2422,牧場に墜ちた火種,小嶋元太
2423,牧場に墜ちた火種,吉田歩美
2424,牧場に墜ちた火種,円谷光彦
2425,牧場に墜ちた火種,白鳥任三郎
2426,牧場に墜ちた火種,小林澄子
2427,牧場に墜ちた火種,安室透
2428,牧場に墜ちた火種,羽田秀𠮷
2429,牧場に墜ちた火種,若狭留美
2430,牧場に墜ちた火種,風見裕也
2431,沖野ヨーコと屋根裏の密室,江戸川コナン
2432,沖野ヨーコと屋根裏の密室,毛利蘭
2433,沖野ヨーコと屋根裏の密室,毛利小五郎
2434,沖野ヨーコと屋根裏の密室,小林澄子
2435,沖野ヨーコと屋根裏の密室,安室透
2436,沖野ヨーコと屋根裏の密室,若狭留美
2437,沖野ヨーコと屋根裏の密室,脇田兼則
2438,沖野ヨーコと屋根裏の密室,沖野ヨーコ
2439,沖野ヨーコと屋根裏の密室,榎本梓
2440,工藤優作の推理ショー,江戸川コナン
2441,工藤優作の推理ショー,毛利蘭
2442,工藤優作の推理ショー,毛利小五郎
2443,工藤優作の推理ショー,目暮十三
2444,工藤優作の推理ショー,ジョディ
2445,工藤優作の推理ショー,ジン
2446,工藤優作の推理ショー,ウォッカ
2447,工藤優作の推理ショー,鈴木園子
2448,工藤優作の推理ショー,工藤優作
2449,工藤優作の推理ショー,怪盗キッド
2450,工藤優作の推理ショー,ベルモット
2451,工藤優作の推理ショー,赤井秀一
2452,工藤優作の推理ショー,アンドレ・キャメル
2453,工藤優作の推理ショー,中森銀三
2454,黒ずくめの謀略［狩り／上陸／正体］,江戸川コナン
2455,黒ずくめの謀略［狩り／上陸／正体］,灰原哀
2456,黒ずくめの謀略［狩り／上陸／正体］,小嶋元太
2457,黒ずくめの謀略［狩り／上陸／正体］,吉田歩美
2458,黒ずくめの謀略［狩り／上陸／正体］,円谷光彦
2459,黒ずくめの謀略［狩り／上陸／正体］,ジン
2460,黒ずくめの謀略［狩り／上陸／正体］,ウォッカ
2461,黒ずくめの謀略［狩り／上陸／正体］,工藤優作
2462,黒ずくめの謀略［狩り／上陸／正体］,工藤有希子
2463,黒ずくめの謀略［狩り／上陸／正体］,ベルモット
2464,黒ずくめの謀略［狩り／上陸／正体］,赤井秀一
2465,黒ずくめの謀略［狩り／上陸／正体］,キャンティ
2466,黒ずくめの謀略［狩り／上陸／正体］,コルン
2467,黒ずくめの謀略［狩り／上陸／正体］,キール
2468,黒ずくめの謀略［狩り／上陸／正体］,ジョディ
2469,黒ずくめの謀略［狩り／上陸／正体］,ジェイムズ・ブラック
2470,黒ずくめの謀略［狩り／上陸／正体］,アンドレ・キャメル
2471,黒ずくめの謀略［狩り／上陸／正体］,沖矢昴
2472,不吉な縁結び,江戸川コナン
2473,不吉な縁結び,毛利蘭
2474,不吉な縁結び,毛利小五郎
2475,不吉な縁結び,服部平次
2476,不吉な縁結び,遠山和葉
2477,不吉な縁結び,佐藤美和子
2478,不吉な縁結び,高木渉
2479,不吉な縁結び,工藤優作
2480,不吉な縁結び,赤井秀一
2481,不吉な縁結び,アンドレ・キャメル
2482,不吉な縁結び,ジョディ
2483,不吉な縁結び,安室透
2484,宮野明美のタイムカプセル,江戸川コナン
2485,宮野明美のタイムカプセル,灰原哀
2486,宮野明美のタイムカプセル,小嶋元太
2487,宮野明美のタイムカプセル,吉田歩美
2488,宮野明美のタイムカプセル,円谷光彦
2489,宮野明美のタイムカプセル,若狭留美
2490,宮野明美のタイムカプセル,小林澄子
2491,宮野明美のタイムカプセル,脇田兼則
2492,風の女神・萩原千速,江戸川コナン
2493,風の女神・萩原千速,毛利蘭
2494,風の女神・萩原千速,毛利小五郎
2495,風の女神・萩原千速,阿笠博士
2496,風の女神・萩原千速,鈴木園子
2497,風の女神・萩原千速,横溝重悟
2498,風の女神・萩原千速,松田陣平
2499,風の女神・萩原千速,萩原研二
2500,風の女神・萩原千速,萩原千速
2501,キッドVS安室王妃の前髪（クイーンズ・バング）,江戸川コナン
2502,キッドVS安室王妃の前髪（クイーンズ・バング）,毛利蘭
2503,キッドVS安室王妃の前髪（クイーンズ・バング）,鈴木園子
2504,キッドVS安室王妃の前髪（クイーンズ・バング）,怪盗キッド
2505,キッドVS安室王妃の前髪（クイーンズ・バング）,中森銀三
2506,キッドVS安室王妃の前髪（クイーンズ・バング）,鈴木次郎吉
2507,キッドVS安室王妃の前髪（クイーンズ・バング）,安室透
2508,キッドVS安室王妃の前髪（クイーンズ・バング）,榎本梓
2509,キッドVS安室王妃の前髪（クイーンズ・バング）,風見裕也
2510,高木と伊達と手帳の約束,江戸川コナン
2511,高木と伊達と手帳の約束,灰原哀
2512,高木と伊達と手帳の約束,小嶋元太
2513,高木と伊達と手帳の約束,吉田歩美
2514,高木と伊達と手帳の約束,円谷光彦
2515,高木と伊達と手帳の約束,工藤有希子
2516,高木と伊達と手帳の約束,目暮十三
2517,高木と伊達と手帳の約束,佐藤美和子
2518,高木と伊達と手帳の約束,高木渉
2519,高木と伊達と手帳の約束,松田陣平
2520,高木と伊達と手帳の約束,榎本梓
2521,高木と伊達と手帳の約束,伊達航
2522,高木と伊達と手帳の約束,安室透
2523,群馬と長野県境（ボーダー）の遺体,江戸川コナン
2524,群馬と長野県境（ボーダー）の遺体,毛利蘭
2525,群馬と長野県境（ボーダー）の遺体,毛利小五郎
2526,群馬と長野県境（ボーダー）の遺体,山村ミサオ
2527,群馬と長野県境（ボーダー）の遺体,大和敢助
2528,群馬と長野県境（ボーダー）の遺体,上原由衣
2529,群馬と長野県境（ボーダー）の遺体,諸伏高明
2530,群馬と長野県境（ボーダー）の遺体,諸伏景光
2531,千速と重悟の婚活パーティー,江戸川コナン
2532,千速と重悟の婚活パーティー,毛利蘭
2533,千速と重悟の婚活パーティー,毛利小五郎
2534,千速と重悟の婚活パーティー,横溝重悟
2535,千速と重悟の婚活パーティー,横溝参悟
2536,千速と重悟の婚活パーティー,松田陣平
2537,千速と重悟の婚活パーティー,目暮十三
2538,千速と重悟の婚活パーティー,佐藤美和子
2539,千速と重悟の婚活パーティー,高木渉
2540,千速と重悟の婚活パーティー,萩原研二
2541,千速と重悟の婚活パーティー,萩原千速
2542,大岡紅葉の甘い罠,江戸川コナン
2543,大岡紅葉の甘い罠,毛利蘭
2544,大岡紅葉の甘い罠,毛利小五郎
2545,大岡紅葉の甘い罠,服部平次
2546,大岡紅葉の甘い罠,遠山和葉
2547,大岡紅葉の甘い罠,大岡紅葉
2548,大岡紅葉の甘い罠,伊織無我
2549,大岡紅葉の甘い罠,黒田兵衛
2550,大岡紅葉の甘い罠,安室透
2551,トリプルコラボの浮気疑惑,江戸川コナン
2552,トリプルコラボの浮気疑惑,阿笠博士
2553,トリプルコラボの浮気疑惑,灰原哀
2554,トリプルコラボの浮気疑惑,小嶋元太
2555,トリプルコラボの浮気疑惑,吉田歩美
2556,トリプルコラボの浮気疑惑,円谷光彦
2557,トリプルコラボの浮気疑惑,小林澄子
2558,トリプルコラボの浮気疑惑,千葉和伸
2559,トリプルコラボの浮気疑惑,羽田秀𠮷
2560,トリプルコラボの浮気疑惑,三池苗子
2561,トリプルコラボの浮気疑惑,白鳥任三郎
2562,トリプルコラボの浮気疑惑,宮本由美
2563,トリプルコラボの浮気疑惑,佐藤美和子
2564,トリプルコラボの浮気疑惑,高木渉
2565,ホテル連続爆破事件,江戸川コナン
2566,ホテル連続爆破事件,毛利蘭
2567,ホテル連続爆破事件,世良真純
2568,ホテル連続爆破事件,メアリー
2569,ホテル連続爆破事件,妃英理
2570,ホテル連続爆破事件,目暮十三
2571,ホテル連続爆破事件,高木渉
2572,探偵団と二人の引率者,江戸川コナン
2573,探偵団と二人の引率者,灰原哀
2574,探偵団と二人の引率者,阿笠博士
2575,探偵団と二人の引率者,小嶋元太
2576,探偵団と二人の引率者,吉田歩美
2577,探偵団と二人の引率者,円谷光彦
2578,探偵団と二人の引率者,小林澄子
2579,探偵団と二人の引率者,沖矢昴
2580,探偵団と二人の引率者,若狭留美
2581,探偵団と二人の引率者,横溝参悟
2582,怪盗キッドと王冠マジック,江戸川コナン
2583,怪盗キッドと王冠マジック,毛利蘭
2584,怪盗キッドと王冠マジック,鈴木園子
2585,怪盗キッドと王冠マジック,怪盗キッド
2586,怪盗キッドと王冠マジック,中森銀三
2587,怪盗キッドと王冠マジック,安室透
2588,怪盗キッドと王冠マジック,榎本梓
2589,怪盗キッドと王冠マジック,脇田兼則
2590,17年前の真相［血染めの騎士（ナイト）／達眼の悪魔］,江戸川コナン
2591,17年前の真相［血染めの騎士（ナイト）／達眼の悪魔］,毛利蘭
2592,17年前の真相［血染めの騎士（ナイト）／達眼の悪魔］,毛利小五郎
2593,17年前の真相［血染めの騎士（ナイト）／達眼の悪魔］,阿笠博士
2594,17年前の真相［血染めの騎士（ナイト）／達眼の悪魔］,灰原哀
2595,17年前の真相［血染めの騎士（ナイト）／達眼の悪魔］,小嶋元太
2596,17年前の真相［血染めの騎士（ナイト）／達眼の悪魔］,吉田歩美
2597,17年前の真相［血染めの騎士（ナイト）／達眼の悪魔］,円谷光彦
2598,17年前の真相［血染めの騎士（ナイト）／達眼の悪魔］,目暮十三
2599,17年前の真相［血染めの騎士（ナイト）／達眼の悪魔］,白鳥任三郎
2600,17年前の真相［血染めの騎士（ナイト）／達眼の悪魔］,小林澄子
2601,17年前の真相［血染めの騎士（ナイト）／達眼の悪魔］,黒田兵衛
2602,17年前の真相［血染めの騎士（ナイト）／達眼の悪魔］,若狭留美
2603,17年前の真相［血染めの騎士（ナイト）／達眼の悪魔］,脇田兼則
2604,17年前の真相［遠見の角行／女王の謀（クイーンズ・ギャンビット）］,江戸川コナン
2605,17年前の真相［遠見の角行／女王の謀（クイーンズ・ギャンビット）］,黒田兵衛
2606,17年前の真相［遠見の角行／女王の謀（クイーンズ・ギャンビット）］,阿笠博士
2607,17年前の真相［遠見の角行／女王の謀（クイーンズ・ギャンビット）］,灰原哀
2608,17年前の真相［遠見の角行／女王の謀（クイーンズ・ギャンビット）］,小嶋元太
2609,17年前の真相［遠見の角行／女王の謀（クイーンズ・ギャンビット）］,吉田歩美
2610,17年前の真相［遠見の角行／女王の謀（クイーンズ・ギャンビット）］,円谷光彦
2611,17年前の真相［遠見の角行／女王の謀（クイーンズ・ギャンビット）］,小林澄子
2612,17年前の真相［遠見の角行／女王の謀（クイーンズ・ギャンビット）］,若狭留美
2613,17年前の真相［遠見の角行／女王の謀（クイーンズ・ギャンビット）］,ベルモット
2614,17年前の真相［遠見の角行／女王の謀（クイーンズ・ギャンビット）］,赤井秀一
2615,17年前の真相［遠見の角行／女王の謀（クイーンズ・ギャンビット）］,キャンティ
2616,17年前の真相［遠見の角行／女王の謀（クイーンズ・ギャンビット）］,コルン
2617,17年前の真相［遠見の角行／女王の謀（クイーンズ・ギャンビット）］,羽田秀𠮷
2618,17年前の真相［遠見の角行／女王の謀（クイーンズ・ギャンビット）］,メアリー
2619,17年前の真相［遠見の角行／女王の謀（クイーンズ・ギャンビット）］,脇田兼則
2620,人喰い教室の怪,江戸川コナン
2621,人喰い教室の怪,阿笠博士
2622,人喰い教室の怪,灰原哀
2623,人喰い教室の怪,小嶋元太
2624,人喰い教室の怪,吉田歩美
2625,人喰い教室の怪,円谷光彦
2626,人喰い教室の怪,小林澄子
2627,人喰い教室の怪,工藤優作
2628,人喰い教室の怪,工藤有希子
2629,人喰い教室の怪,若狭留美
2630,人喰い教室の怪,脇田兼則
2631,執事になった理由,江戸川コナン
2632,執事になった理由,服部平次
2633,執事になった理由,遠山和葉
2634,執事になった理由,目暮十三
2635,執事になった理由,大岡紅葉
2636,執事になった理由,伊織無我
2637,執事になった理由,安室透
2638,執事になった理由,風見裕也
2639,執事になった理由,黒田兵衛
2640,鷲雄山の紅蓮髑髏,江戸川コナン
2641,鷲雄山の紅蓮髑髏,毛利蘭
2642,鷲雄山の紅蓮髑髏,毛利小五郎
2643,鷲雄山の紅蓮髑髏,服部平次
2644,鷲雄山の紅蓮髑髏,遠山和葉
2645,鷲雄山の紅蓮髑髏,大岡紅葉
2646,鷲雄山の紅蓮髑髏,伊織無我
2647,キッドVS白馬青の玉座（アズール・スローン）,江戸川コナン
2648,キッドVS白馬青の玉座（アズール・スローン）,毛利蘭
2649,キッドVS白馬青の玉座（アズール・スローン）,鈴木園子
2650,キッドVS白馬青の玉座（アズール・スローン）,目暮十三
2651,キッドVS白馬青の玉座（アズール・スローン）,高木渉
2652,キッドVS白馬青の玉座（アズール・スローン）,怪盗キッド
2653,キッドVS白馬青の玉座（アズール・スローン）,中森銀三
2654,キッドVS白馬青の玉座（アズール・スローン）,鈴木次郎吉
2655,キッドVS白馬青の玉座（アズール・スローン）,京極真
2656,赤レンガ倉庫消えた誘拐犯,江戸川コナン
2657,赤レンガ倉庫消えた誘拐犯,灰原哀
2658,赤レンガ倉庫消えた誘拐犯,小嶋元太
2659,赤レンガ倉庫消えた誘拐犯,吉田歩美
2660,赤レンガ倉庫消えた誘拐犯,円谷光彦
2661,赤レンガ倉庫消えた誘拐犯,佐藤美和子
2662,赤レンガ倉庫消えた誘拐犯,高木渉
2663,赤レンガ倉庫消えた誘拐犯,横溝重悟
2664,赤レンガ倉庫消えた誘拐犯,安室透
2665,赤レンガ倉庫消えた誘拐犯,萩原千速
2666,コナンと梓誘拐したのは誰？,江戸川コナン
2667,コナンと梓誘拐したのは誰？,毛利蘭
2668,コナンと梓誘拐したのは誰？,鈴木園子
2669,コナンと梓誘拐したのは誰？,世良真純
2670,コナンと梓誘拐したのは誰？,榎本梓
2671,コナンと梓誘拐したのは誰？,安室透
2672,コナンと梓誘拐したのは誰？,工藤有希子
2673,「傀儡の悪魔」の呪い,江戸川コナン
2674,「傀儡の悪魔」の呪い,毛利蘭
2675,「傀儡の悪魔」の呪い,毛利小五郎
2676,「傀儡の悪魔」の呪い,服部平次
2677,「傀儡の悪魔」の呪い,遠山和葉
2678,「傀儡の悪魔」の呪い,大岡紅葉
2679,「傀儡の悪魔」の呪い,伊織無我
2680,出会っていた５人組,江戸川コナン
2681,出会っていた５人組,工藤新一
2682,出会っていた５人組,毛利小五郎
2683,出会っていた５人組,毛利蘭
2684,出会っていた５人組,松田陣平
2685,出会っていた５人組,安室透
2686,出会っていた５人組,伊達航
2687,出会っていた５人組,諸伏景光
2688,出会っていた５人組,萩原研二
2689,屍人の御燈の正体,江戸川コナン
2690,屍人の御燈の正体,毛利小五郎
2691,屍人の御燈の正体,毛利蘭
2692,屍人の御燈の正体,阿笠博士
2693,屍人の御燈の正体,灰原哀
2694,屍人の御燈の正体,小嶋元太
2695,屍人の御燈の正体,吉田歩美
2696,屍人の御燈の正体,円谷光彦
2697,屍人の御燈の正体,大和敢助
2698,屍人の御燈の正体,上原由衣
2699,屍人の御燈の正体,諸伏高明
2700,大金と３人のウソつき,江戸川コナン
2701,大金と３人のウソつき,毛利小五郎
2702,大金と３人のウソつき,毛利蘭
2703,大金と３人のウソつき,灰原哀
2704,大金と３人のウソつき,榎本梓
2705,大金と３人のウソつき,妃英理
2706,大金と３人のウソつき,安室透
2707,過去との遭遇,江戸川コナン
2708,過去との遭遇,毛利小五郎
2709,過去との遭遇,毛利蘭
2710,過去との遭遇,灰原哀
2711,過去との遭遇,妃英理
2712,過去との遭遇,小嶋元太
2713,過去との遭遇,吉田歩美
2714,過去との遭遇,円谷光彦
2715,過去との遭遇,目暮十三
2716,過去との遭遇,高木渉
2717,過去との遭遇,ジン
2718,過去との遭遇,ウォッカ
2719,過去との遭遇,ベルモット
2720,過去との遭遇,キャンティ
2721,過去との遭遇,コルン
2722,過去との遭遇,アンドレ・キャメル
2723,過去との遭遇,脇田兼則
2724,混沌の行先,江戸川コナン
2725,混沌の行先,服部平次
2726,混沌の行先,灰原哀
2727,混沌の行先,小嶋元太
2728,混沌の行先,吉田歩美
2729,混沌の行先,円谷光彦
2730,混沌の行先,目暮十三
2731,混沌の行先,佐藤美和子
2732,混沌の行先,高木渉
2733,混沌の行先,白鳥任三郎
2734,混沌の行先,ジョディ
2735,混沌の行先,ウォッカ
2736,混沌の行先,工藤優作
2737,混沌の行先,工藤有希子
2738,混沌の行先,ベルモット
2739,混沌の行先,千葉和伸
2740,混沌の行先,赤井秀一
2741,混沌の行先,ジェイムズ・ブラック
2742,混沌の行先,キャンティ
2743,混沌の行先,コルン
2744,混沌の行先,アンドレ・キャメル
2745,混沌の行先,沖矢昴
2746,混沌の行先,諸伏高明
2747,混沌の行先,安室透
2748,混沌の行先,若狭留美
2749,混沌の行先,脇田兼則
2750,写真に隠された秘密,江戸川コナン
2751,写真に隠された秘密,毛利蘭
2752,写真に隠された秘密,目暮十三
2753,写真に隠された秘密,高木渉
2754,写真に隠された秘密,鈴木園子
2755,写真に隠された秘密,ベルモット
2756,写真に隠された秘密,世良真純
2757,写真に隠された秘密,メアリー
2758,写真に隠された秘密,脇田兼則
2759,指輪の思い出,江戸川コナン
2760,指輪の思い出,毛利蘭
2761,指輪の思い出,毛利小五郎
2762,指輪の思い出,横溝重悟
2763,指輪の思い出,松田陣平
2764,指輪の思い出,萩原研二
2765,指輪の思い出,萩原千速
